
*****************************************
Setting OMP_NUM_THREADS environment variable for each process to be 1 in default, to avoid your system being overloaded, please further tune the variable for optimal performance in your application as needed. 
*****************************************
INFO:root:Setting checkpoint path to outputs/eeg_mae_base/checkpoints
1: WARNING 26-09-09 18:18:58.993896 - 0:00:00 - WARNING: Setting MKL_SERVICE_FORCE_INTEL to GNU
INFO:root:Setting checkpoint path to outputs/eeg_mae_base/checkpoints
1: WARNING 26-09-09 18:18:58.993896 - 0:00:00 - WARNING: Setting MKL_SERVICE_FORCE_INTEL to GNU
2: WARNING 26-09-09 18:18:58.999763 - 0:00:00 - WARNING: Setting MKL_SERVICE_FORCE_INTEL to GNU
1: WARNING 26-09-09 18:18:59.002444 - 0:00:00 - WARNING: Setting MKL_NUM_THREADS to 1
1: WARNING 26-09-09 18:18:59.002444 - 0:00:00 - WARNING: Setting MKL_NUM_THREADS to 1
2: WARNING 26-09-09 18:18:58.999763 - 0:00:00 - WARNING: Setting MKL_SERVICE_FORCE_INTEL to GNU
1: WARNING 26-09-09 18:18:59.008518 - 0:00:00 - WARNING: Setting TORCH_NCCL_AVOID_RECORD_STREAMS to 1
1: WARNING 26-09-09 18:18:59.008518 - 0:00:00 - WARNING: Setting TORCH_NCCL_AVOID_RECORD_STREAMS to 1
2: WARNING 26-09-09 18:18:59.012018 - 0:00:00 - WARNING: Setting MKL_NUM_THREADS to 1
1: WARNING 26-09-09 18:18:59.014779 - 0:00:00 - WARNING: Setting NCCL_IB_TIMEOUT to 22
2: WARNING 26-09-09 18:18:59.012018 - 0:00:00 - WARNING: Setting MKL_NUM_THREADS to 1
1: WARNING 26-09-09 18:18:59.014779 - 0:00:00 - WARNING: Setting NCCL_IB_TIMEOUT to 22
INFO:root:Setting checkpoint path to outputs/eeg_mae_base/checkpoints
INFO:root:Setting checkpoint path to outputs/eeg_mae_base/checkpoints
2: WARNING 26-09-09 18:18:59.022972 - 0:00:00 - WARNING: Setting TORCH_NCCL_AVOID_RECORD_STREAMS to 1
1: WARNING 26-09-09 18:18:59.023030 - 0:00:00 - WARNING: Setting NCCL_DEBUG to INFO
1: WARNING 26-09-09 18:18:59.023030 - 0:00:00 - WARNING: Setting NCCL_DEBUG to INFO
3: WARNING 26-09-09 18:18:59.026991 - 0:00:00 - WARNING: Setting MKL_SERVICE_FORCE_INTEL to GNU
2: WARNING 26-09-09 18:18:59.022972 - 0:00:00 - WARNING: Setting TORCH_NCCL_AVOID_RECORD_STREAMS to 1
2: WARNING 26-09-09 18:18:59.044432 - 0:00:00 - WARNING: Setting NCCL_IB_TIMEOUT to 22
1: WARNING 26-09-09 18:18:59.036493 - 0:00:00 - WARNING: Setting TRITON_CACHE_DIR to /tmp/tmpy5ywxenr
3: WARNING 26-09-09 18:18:59.026991 - 0:00:00 - WARNING: Setting MKL_SERVICE_FORCE_INTEL to GNU
2: WARNING 26-09-09 18:18:59.044432 - 0:00:00 - WARNING: Setting NCCL_IB_TIMEOUT to 22
3: WARNING 26-09-09 18:18:59.055003 - 0:00:00 - WARNING: Setting MKL_NUM_THREADS to 1
2: WARNING 26-09-09 18:18:59.055034 - 0:00:00 - WARNING: Setting NCCL_DEBUG to INFO
3: WARNING 26-09-09 18:18:59.055003 - 0:00:00 - WARNING: Setting MKL_NUM_THREADS to 1
1: WARNING 26-09-09 18:18:59.036493 - 0:00:00 - WARNING: Setting TRITON_CACHE_DIR to /tmp/tmpy5ywxenr
INFO:root:Using the following config for this run:
2: WARNING 26-09-09 18:18:59.055034 - 0:00:00 - WARNING: Setting NCCL_DEBUG to INFO
3: WARNING 26-09-09 18:18:59.059701 - 0:00:00 - WARNING: Setting TORCH_NCCL_AVOID_RECORD_STREAMS to 1
INFO:root:name: eeg_all_test_20260909_181812
dump_dir: outputs/eeg_mae_base
seed: 42
grad_acc_steps: 1
gc_collect_freq: 1000
steps: 100
data:
  data_path: /mnt_upfs/zehao/database/egg/reve_official_data
  subset: all
  window_duration: 2000
  clip: 10.0
  masking_ratio: 0.55
  masking_window: 200
  masking_overlap: 20
  use_block_masking: true
  radius_spat_mask: 0.03
  radius_temp_mask: 3
  dropout_ratio: 0.1
  dropout_radius: 0.04
  batch_size: 300
  num_workers: 2
  prefetch_factor: 2
  persistent_workers: false
  world_size: 1
  rank: 0
optim:
  lr: 0.00024
  weight_decay: 0.0
  epsilon: 1.0e-12
  beta1: 0.9
  beta2: 0.95
  clip: 5.0
  scheduler: cosine
  warmup: 500
  lr_min_ratio: 0.1
  cycle_length: 1.0
  cosine_theta: 1.0
  annealing_step: 1000
  decay_fraction: 0.1
  exp_factor: 0.5
model:
  encoder_embed_dim: 512
  encoder_depth: 22
  encoder_heads: 8
  encoder_head_dim: 64
  encoder_mlp_dim_ratio: 2.66
  encoder_use_geglu: true
  decoder_embed_dim: 512
  decoder_depth: 8
  decoder_heads: 8
  decoder_head_dim: 64
  decoder_mlp_dim_ratio: 2.66
  decoder_use_geglu: true
  patch_size: 200
  patch_overlap: 20
  freqs: 4
  noise_ratio: 0.0025
  masking_ratio: 0.55
  token_avg: true
  token_avg_lambda: 0.1
  init_std: 0.02
  init_cutoff_factor: 3.0
  meta_init: true
distributed:
  dp_shard: 1
  dp_replicate: 4
  sp_size: 1
  tp_size: 1
  activation_checkpointing: false
  compile: false
  fsdp_type: no_shard
  model_dtype: bf16
  float8_recipe: null
  float8_filter: layers\.[0-9]+\.
  matmul_allow_tf32: false
  detect_anomaly: false
  compile_cache_size_limit: 8
  spawn_method: forkserver
env:
  MKL_SERVICE_FORCE_INTEL: GNU
  OMP_NUM_THREADS: '1'
  MKL_NUM_THREADS: '1'
  TORCH_NCCL_AVOID_RECORD_STREAMS: '1'
  NCCL_IB_TIMEOUT: '22'
  NCCL_DEBUG: INFO
  TORCH_NCCL_ASYNC_ERROR_HANDLING: '1'
checkpoint:
  dump:
    every: 1000
    keep: 0
  path: outputs/eeg_mae_base/checkpoints
  init_ckpt_path: null
  continue_training_from_init: false
logging:
  freq: 5
  acc_freq: null
  wandb:
    job_type: null
    dir: null
    project: eeg
    entity: XLM
    tags:
    - eeg
    - mae
    - base
    group: null
    name: eeg_all_test_20260909_181812
    notes: EEG MAE Base model training
    config_exclude_keys: null
    config_include_keys: null
    anonymous: null
    mode: online
    allow_val_change: null
    resume: null
    force: null
    tensorboard: null
    sync_tensorboard: null
    monitor_gym: null
    save_code: null
    id: null

2: WARNING 26-09-09 18:18:59.063616 - 0:00:00 - WARNING: Setting TRITON_CACHE_DIR to /tmp/tmpg8v3zia2
3: WARNING 26-09-09 18:18:59.059701 - 0:00:00 - WARNING: Setting TORCH_NCCL_AVOID_RECORD_STREAMS to 1
0: WARNING 26-09-09 18:18:59.083161 - 0:00:00 - WARNING: Setting MKL_SERVICE_FORCE_INTEL to GNU
2: WARNING 26-09-09 18:18:59.063616 - 0:00:00 - WARNING: Setting TRITON_CACHE_DIR to /tmp/tmpg8v3zia2
0: WARNING 26-09-09 18:18:59.083161 - 0:00:00 - WARNING: Setting MKL_SERVICE_FORCE_INTEL to GNU
3: WARNING 26-09-09 18:18:59.094766 - 0:00:00 - WARNING: Setting NCCL_IB_TIMEOUT to 22
3: WARNING 26-09-09 18:18:59.094766 - 0:00:00 - WARNING: Setting NCCL_IB_TIMEOUT to 22
0: WARNING 26-09-09 18:18:59.121821 - 0:00:00 - WARNING: Setting MKL_NUM_THREADS to 1
0: WARNING 26-09-09 18:18:59.121821 - 0:00:00 - WARNING: Setting MKL_NUM_THREADS to 1
3: WARNING 26-09-09 18:18:59.153254 - 0:00:00 - WARNING: Setting NCCL_DEBUG to INFO
3: WARNING 26-09-09 18:18:59.153254 - 0:00:00 - WARNING: Setting NCCL_DEBUG to INFO
3: WARNING 26-09-09 18:18:59.156909 - 0:00:00 - WARNING: Setting TRITON_CACHE_DIR to /tmp/tmpou43nsu4
3: WARNING 26-09-09 18:18:59.156909 - 0:00:00 - WARNING: Setting TRITON_CACHE_DIR to /tmp/tmpou43nsu4
0: WARNING 26-09-09 18:18:59.179314 - 0:00:00 - WARNING: Setting TORCH_NCCL_AVOID_RECORD_STREAMS to 1
0: WARNING 26-09-09 18:18:59.179314 - 0:00:00 - WARNING: Setting TORCH_NCCL_AVOID_RECORD_STREAMS to 1
0: WARNING 26-09-09 18:18:59.187086 - 0:00:00 - WARNING: Setting NCCL_IB_TIMEOUT to 22
0: WARNING 26-09-09 18:18:59.187086 - 0:00:00 - WARNING: Setting NCCL_IB_TIMEOUT to 22
0: WARNING 26-09-09 18:18:59.193149 - 0:00:00 - WARNING: Setting NCCL_DEBUG to INFO
0: WARNING 26-09-09 18:18:59.193149 - 0:00:00 - WARNING: Setting NCCL_DEBUG to INFO
0: WARNING 26-09-09 18:18:59.199694 - 0:00:00 - WARNING: Setting TRITON_CACHE_DIR to /tmp/tmp2tmb_mkb
0: WARNING 26-09-09 18:18:59.199694 - 0:00:00 - WARNING: Setting TRITON_CACHE_DIR to /tmp/tmp2tmb_mkb
3: INFO    26-09-09 18:19:30.559227 - 0:00:32 - Run launched with torchrun, local rank: 3
3: INFO    26-09-09 18:19:30.559460 - 0:00:32 - ENV: environ({'SHELL': '/bin/bash', 'CONDA_EXE': '/mnt_upfs/miniconda/bin/conda', '_CE_M': '', 'PWD': '/mnt/zehao/ultra', 'LOGNAME': 'ubuntu', 'XDG_SESSION_TYPE': 'tty', 'CONDA_PREFIX': '/mnt_upfs/miniconda/envs/ultra_2', 'MPI_HOME': '/usr/mpi/gcc/openmpi-4.1.5a1', 'MOTD_SHOWN': 'pam', 'HOME': '/home/ubuntu', 'LANG': 'en_US.UTF-8', 'CONDA_PROMPT_MODIFIER': '(ultra_2) ', 'SSH_CONNECTION': '10.60.233.146 58924 10.60.137.131 22', 'DATA_PATH': '/mnt_upfs/zehao/database/egg/reve_official_data', 'CUDA_VISIBLE_DEVICES': '4,5,6,7', '_CONDA_EXE': '/mnt_upfs/miniconda/bin/conda', '_CONDA_ROOT': '/mnt_upfs/miniconda', 'XDG_SESSION_CLASS': 'user', '_CE_CONDA': '', 'USER': 'ubuntu', 'CONDA_SHLVL': '1', 'SHLVL': '0', 'XDG_SESSION_ID': '8547', 'CONDA_PYTHON_EXE': '/mnt_upfs/miniconda/bin/python', 'LD_LIBRARY_PATH': '/usr/local/cuda/lib64:/usr/mpi/gcc/openmpi-4.1.5a1/lib64:', 'XDG_RUNTIME_DIR': '/run/user/1000', 'SSH_CLIENT': '10.60.233.146 58924 22', 'CONDA_DEFAULT_ENV': 'ultra_2', 'CUDA_HOME': '/usr/local/cuda', 'PATH': '/mnt_upfs/miniconda/envs/ultra_2/bin:/mnt_upfs/miniconda/condabin:/home/ubuntu/.local/bin:/usr/mpi/gcc/openmpi-4.1.5a1/bin:/usr/local/sbin:/usr/local/bin:/usr/sbin:/usr/bin:/sbin:/bin:/usr/games:/usr/local/games:/snap/bin:/usr/local/cuda/bin', 'DBUS_SESSION_BUS_ADDRESS': 'unix:path=/run/user/1000/bus', 'OLDPWD': '/home/ubuntu', '_': '/usr/bin/nohup', 'OMP_NUM_THREADS': '1', 'LOCAL_RANK': '3', 'RANK': '3', 'GROUP_RANK': '0', 'ROLE_RANK': '3', 'ROLE_NAME': 'default', 'LOCAL_WORLD_SIZE': '4', 'WORLD_SIZE': '4', 'GROUP_WORLD_SIZE': '1', 'ROLE_WORLD_SIZE': '4', 'MASTER_ADDR': '127.0.0.1', 'MASTER_PORT': '29500', 'TORCHELASTIC_RESTART_COUNT': '0', 'TORCHELASTIC_MAX_RESTARTS': '0', 'TORCHELASTIC_RUN_ID': 'none', 'TORCHELASTIC_USE_AGENT_STORE': 'True', 'TORCH_NCCL_ASYNC_ERROR_HANDLING': '1', 'TORCHELASTIC_ERROR_FILE': '/tmp/torchelastic_37n2qhi5/none_p_r3ckl8/attempt_0/3/error.json', 'MKL_SERVICE_FORCE_INTEL': 'GNU', 'MKL_NUM_THREADS': '1', 'TORCH_NCCL_AVOID_RECORD_STREAMS': '1', 'NCCL_IB_TIMEOUT': '22', 'NCCL_DEBUG': 'INFO', 'TRITON_CACHE_DIR': '/tmp/tmpou43nsu4'})
0: INFO    26-09-09 18:19:30.581402 - 0:00:31 - Run launched with torchrun, local rank: 0
1: INFO    26-09-09 18:19:30.581413 - 0:00:32 - Run launched with torchrun, local rank: 1
2: INFO    26-09-09 18:19:30.581500 - 0:00:32 - Run launched with torchrun, local rank: 2
1: INFO    26-09-09 18:19:30.581631 - 0:00:32 - ENV: environ({'SHELL': '/bin/bash', 'CONDA_EXE': '/mnt_upfs/miniconda/bin/conda', '_CE_M': '', 'PWD': '/mnt/zehao/ultra', 'LOGNAME': 'ubuntu', 'XDG_SESSION_TYPE': 'tty', 'CONDA_PREFIX': '/mnt_upfs/miniconda/envs/ultra_2', 'MPI_HOME': '/usr/mpi/gcc/openmpi-4.1.5a1', 'MOTD_SHOWN': 'pam', 'HOME': '/home/ubuntu', 'LANG': 'en_US.UTF-8', 'CONDA_PROMPT_MODIFIER': '(ultra_2) ', 'SSH_CONNECTION': '10.60.233.146 58924 10.60.137.131 22', 'DATA_PATH': '/mnt_upfs/zehao/database/egg/reve_official_data', 'CUDA_VISIBLE_DEVICES': '4,5,6,7', '_CONDA_EXE': '/mnt_upfs/miniconda/bin/conda', '_CONDA_ROOT': '/mnt_upfs/miniconda', 'XDG_SESSION_CLASS': 'user', '_CE_CONDA': '', 'USER': 'ubuntu', 'CONDA_SHLVL': '1', 'SHLVL': '0', 'XDG_SESSION_ID': '8547', 'CONDA_PYTHON_EXE': '/mnt_upfs/miniconda/bin/python', 'LD_LIBRARY_PATH': '/usr/local/cuda/lib64:/usr/mpi/gcc/openmpi-4.1.5a1/lib64:', 'XDG_RUNTIME_DIR': '/run/user/1000', 'SSH_CLIENT': '10.60.233.146 58924 22', 'CONDA_DEFAULT_ENV': 'ultra_2', 'CUDA_HOME': '/usr/local/cuda', 'PATH': '/mnt_upfs/miniconda/envs/ultra_2/bin:/mnt_upfs/miniconda/condabin:/home/ubuntu/.local/bin:/usr/mpi/gcc/openmpi-4.1.5a1/bin:/usr/local/sbin:/usr/local/bin:/usr/sbin:/usr/bin:/sbin:/bin:/usr/games:/usr/local/games:/snap/bin:/usr/local/cuda/bin', 'DBUS_SESSION_BUS_ADDRESS': 'unix:path=/run/user/1000/bus', 'OLDPWD': '/home/ubuntu', '_': '/usr/bin/nohup', 'OMP_NUM_THREADS': '1', 'LOCAL_RANK': '1', 'RANK': '1', 'GROUP_RANK': '0', 'ROLE_RANK': '1', 'ROLE_NAME': 'default', 'LOCAL_WORLD_SIZE': '4', 'WORLD_SIZE': '4', 'GROUP_WORLD_SIZE': '1', 'ROLE_WORLD_SIZE': '4', 'MASTER_ADDR': '127.0.0.1', 'MASTER_PORT': '29500', 'TORCHELASTIC_RESTART_COUNT': '0', 'TORCHELASTIC_MAX_RESTARTS': '0', 'TORCHELASTIC_RUN_ID': 'none', 'TORCHELASTIC_USE_AGENT_STORE': 'True', 'TORCH_NCCL_ASYNC_ERROR_HANDLING': '1', 'TORCHELASTIC_ERROR_FILE': '/tmp/torchelastic_37n2qhi5/none_p_r3ckl8/attempt_0/1/error.json', 'MKL_SERVICE_FORCE_INTEL': 'GNU', 'MKL_NUM_THREADS': '1', 'TORCH_NCCL_AVOID_RECORD_STREAMS': '1', 'NCCL_IB_TIMEOUT': '22', 'NCCL_DEBUG': 'INFO', 'TRITON_CACHE_DIR': '/tmp/tmpy5ywxenr'})
0: INFO    26-09-09 18:19:30.581670 - 0:00:31 - ENV: environ({'SHELL': '/bin/bash', 'CONDA_EXE': '/mnt_upfs/miniconda/bin/conda', '_CE_M': '', 'PWD': '/mnt/zehao/ultra', 'LOGNAME': 'ubuntu', 'XDG_SESSION_TYPE': 'tty', 'CONDA_PREFIX': '/mnt_upfs/miniconda/envs/ultra_2', 'MPI_HOME': '/usr/mpi/gcc/openmpi-4.1.5a1', 'MOTD_SHOWN': 'pam', 'HOME': '/home/ubuntu', 'LANG': 'en_US.UTF-8', 'CONDA_PROMPT_MODIFIER': '(ultra_2) ', 'SSH_CONNECTION': '10.60.233.146 58924 10.60.137.131 22', 'DATA_PATH': '/mnt_upfs/zehao/database/egg/reve_official_data', 'CUDA_VISIBLE_DEVICES': '4,5,6,7', '_CONDA_EXE': '/mnt_upfs/miniconda/bin/conda', '_CONDA_ROOT': '/mnt_upfs/miniconda', 'XDG_SESSION_CLASS': 'user', '_CE_CONDA': '', 'USER': 'ubuntu', 'CONDA_SHLVL': '1', 'SHLVL': '0', 'XDG_SESSION_ID': '8547', 'CONDA_PYTHON_EXE': '/mnt_upfs/miniconda/bin/python', 'LD_LIBRARY_PATH': '/usr/local/cuda/lib64:/usr/mpi/gcc/openmpi-4.1.5a1/lib64:', 'XDG_RUNTIME_DIR': '/run/user/1000', 'SSH_CLIENT': '10.60.233.146 58924 22', 'CONDA_DEFAULT_ENV': 'ultra_2', 'CUDA_HOME': '/usr/local/cuda', 'PATH': '/mnt_upfs/miniconda/envs/ultra_2/bin:/mnt_upfs/miniconda/condabin:/home/ubuntu/.local/bin:/usr/mpi/gcc/openmpi-4.1.5a1/bin:/usr/local/sbin:/usr/local/bin:/usr/sbin:/usr/bin:/sbin:/bin:/usr/games:/usr/local/games:/snap/bin:/usr/local/cuda/bin', 'DBUS_SESSION_BUS_ADDRESS': 'unix:path=/run/user/1000/bus', 'OLDPWD': '/home/ubuntu', '_': '/usr/bin/nohup', 'OMP_NUM_THREADS': '1', 'LOCAL_RANK': '0', 'RANK': '0', 'GROUP_RANK': '0', 'ROLE_RANK': '0', 'ROLE_NAME': 'default', 'LOCAL_WORLD_SIZE': '4', 'WORLD_SIZE': '4', 'GROUP_WORLD_SIZE': '1', 'ROLE_WORLD_SIZE': '4', 'MASTER_ADDR': '127.0.0.1', 'MASTER_PORT': '29500', 'TORCHELASTIC_RESTART_COUNT': '0', 'TORCHELASTIC_MAX_RESTARTS': '0', 'TORCHELASTIC_RUN_ID': 'none', 'TORCHELASTIC_USE_AGENT_STORE': 'True', 'TORCH_NCCL_ASYNC_ERROR_HANDLING': '1', 'TORCHELASTIC_ERROR_FILE': '/tmp/torchelastic_37n2qhi5/none_p_r3ckl8/attempt_0/0/error.json', 'MKL_SERVICE_FORCE_INTEL': 'GNU', 'MKL_NUM_THREADS': '1', 'TORCH_NCCL_AVOID_RECORD_STREAMS': '1', 'NCCL_IB_TIMEOUT': '22', 'NCCL_DEBUG': 'INFO', 'TRITON_CACHE_DIR': '/tmp/tmp2tmb_mkb'})
2: INFO    26-09-09 18:19:30.581713 - 0:00:32 - ENV: environ({'SHELL': '/bin/bash', 'CONDA_EXE': '/mnt_upfs/miniconda/bin/conda', '_CE_M': '', 'PWD': '/mnt/zehao/ultra', 'LOGNAME': 'ubuntu', 'XDG_SESSION_TYPE': 'tty', 'CONDA_PREFIX': '/mnt_upfs/miniconda/envs/ultra_2', 'MPI_HOME': '/usr/mpi/gcc/openmpi-4.1.5a1', 'MOTD_SHOWN': 'pam', 'HOME': '/home/ubuntu', 'LANG': 'en_US.UTF-8', 'CONDA_PROMPT_MODIFIER': '(ultra_2) ', 'SSH_CONNECTION': '10.60.233.146 58924 10.60.137.131 22', 'DATA_PATH': '/mnt_upfs/zehao/database/egg/reve_official_data', 'CUDA_VISIBLE_DEVICES': '4,5,6,7', '_CONDA_EXE': '/mnt_upfs/miniconda/bin/conda', '_CONDA_ROOT': '/mnt_upfs/miniconda', 'XDG_SESSION_CLASS': 'user', '_CE_CONDA': '', 'USER': 'ubuntu', 'CONDA_SHLVL': '1', 'SHLVL': '0', 'XDG_SESSION_ID': '8547', 'CONDA_PYTHON_EXE': '/mnt_upfs/miniconda/bin/python', 'LD_LIBRARY_PATH': '/usr/local/cuda/lib64:/usr/mpi/gcc/openmpi-4.1.5a1/lib64:', 'XDG_RUNTIME_DIR': '/run/user/1000', 'SSH_CLIENT': '10.60.233.146 58924 22', 'CONDA_DEFAULT_ENV': 'ultra_2', 'CUDA_HOME': '/usr/local/cuda', 'PATH': '/mnt_upfs/miniconda/envs/ultra_2/bin:/mnt_upfs/miniconda/condabin:/home/ubuntu/.local/bin:/usr/mpi/gcc/openmpi-4.1.5a1/bin:/usr/local/sbin:/usr/local/bin:/usr/sbin:/usr/bin:/sbin:/bin:/usr/games:/usr/local/games:/snap/bin:/usr/local/cuda/bin', 'DBUS_SESSION_BUS_ADDRESS': 'unix:path=/run/user/1000/bus', 'OLDPWD': '/home/ubuntu', '_': '/usr/bin/nohup', 'OMP_NUM_THREADS': '1', 'LOCAL_RANK': '2', 'RANK': '2', 'GROUP_RANK': '0', 'ROLE_RANK': '2', 'ROLE_NAME': 'default', 'LOCAL_WORLD_SIZE': '4', 'WORLD_SIZE': '4', 'GROUP_WORLD_SIZE': '1', 'ROLE_WORLD_SIZE': '4', 'MASTER_ADDR': '127.0.0.1', 'MASTER_PORT': '29500', 'TORCHELASTIC_RESTART_COUNT': '0', 'TORCHELASTIC_MAX_RESTARTS': '0', 'TORCHELASTIC_RUN_ID': 'none', 'TORCHELASTIC_USE_AGENT_STORE': 'True', 'TORCH_NCCL_ASYNC_ERROR_HANDLING': '1', 'TORCHELASTIC_ERROR_FILE': '/tmp/torchelastic_37n2qhi5/none_p_r3ckl8/attempt_0/2/error.json', 'MKL_SERVICE_FORCE_INTEL': 'GNU', 'MKL_NUM_THREADS': '1', 'TORCH_NCCL_AVOID_RECORD_STREAMS': '1', 'NCCL_IB_TIMEOUT': '22', 'NCCL_DEBUG': 'INFO', 'TRITON_CACHE_DIR': '/tmp/tmpg8v3zia2'})
0: INFO    26-09-09 18:19:30.949741 - 0:00:32 - Starting EEG MAE training job: eeg_all_test_20260909_181812
0: INFO    26-09-09 18:19:30.950228 - 0:00:32 - DP rank: 0/4
0: INFO    26-09-09 18:19:30.957562 - 0:00:32 - Loader rank: 0/4
0: INFO    26-09-09 18:19:30.971195 - 0:00:32 - Building EEG MAE model
0: INFO    26-09-09 18:19:31.086818 - 0:00:32 - MAE weights initialized with Megatron-style init
0: INFO    26-09-09 18:19:31.087021 - 0:00:32 - Built MAE model: encoder_dim=512, encoder_depth=22, decoder_dim=512, decoder_depth=8
0: INFO    26-09-09 18:19:31.087087 - 0:00:32 - Model built successfully
1: INFO    26-09-09 18:19:31.201589 - 0:00:32 - Starting EEG MAE training job: eeg_all_test_20260909_181812
1: INFO    26-09-09 18:19:31.250818 - 0:00:32 - DP rank: 1/4
1: INFO    26-09-09 18:19:31.250952 - 0:00:32 - Loader rank: 1/4
1: INFO    26-09-09 18:19:31.256161 - 0:00:32 - Building EEG MAE model
1: INFO    26-09-09 18:19:31.399974 - 0:00:32 - MAE weights initialized with Megatron-style init
1: INFO    26-09-09 18:19:31.400121 - 0:00:32 - Built MAE model: encoder_dim=512, encoder_depth=22, decoder_dim=512, decoder_depth=8
1: INFO    26-09-09 18:19:31.403338 - 0:00:32 - Model built successfully
1: INFO    26-09-09 18:19:31.590535 - 0:00:33 - Using Megatron-style weight initialization
0: INFO    26-09-09 18:19:31.652284 - 0:00:33 - Using Megatron-style weight initialization
1: WARNING 26-09-09 18:19:31.707322 - 0:00:33 - Model parameter mask_token is all zeros: it might be because of a missing initialization
1: WARNING 26-09-09 18:19:31.707322 - 0:00:33 - Model parameter mask_token is all zeros: it might be because of a missing initialization
1: WARNING 26-09-09 18:19:31.711488 - 0:00:33 - Model parameter cls_query_token is all zeros: it might be because of a missing initialization
1: WARNING 26-09-09 18:19:31.711488 - 0:00:33 - Model parameter cls_query_token is all zeros: it might be because of a missing initialization
1: WARNING 26-09-09 18:19:31.717279 - 0:00:33 - Model parameter encoder.transformer.layers.0.attn.norm.weight is all zeros: it might be because of a missing initialization
1: WARNING 26-09-09 18:19:31.717279 - 0:00:33 - Model parameter encoder.transformer.layers.0.attn.norm.weight is all zeros: it might be because of a missing initialization
1: WARNING 26-09-09 18:19:31.720448 - 0:00:33 - Model parameter encoder.transformer.layers.0.attn.to_qkv.weight is all zeros: it might be because of a missing initialization
1: WARNING 26-09-09 18:19:31.720448 - 0:00:33 - Model parameter encoder.transformer.layers.0.attn.to_qkv.weight is all zeros: it might be because of a missing initialization
0: WARNING 26-09-09 18:19:31.725482 - 0:00:33 - Model parameter mask_token is all zeros: it might be because of a missing initialization
1: WARNING 26-09-09 18:19:31.727660 - 0:00:33 - Model parameter encoder.transformer.layers.0.attn.to_out.weight is all zeros: it might be because of a missing initialization
0: WARNING 26-09-09 18:19:31.725482 - 0:00:33 - Model parameter mask_token is all zeros: it might be because of a missing initialization
1: WARNING 26-09-09 18:19:31.727660 - 0:00:33 - Model parameter encoder.transformer.layers.0.attn.to_out.weight is all zeros: it might be because of a missing initialization
0: WARNING 26-09-09 18:19:31.735271 - 0:00:33 - Model parameter cls_query_token is all zeros: it might be because of a missing initialization
0: WARNING 26-09-09 18:19:31.735271 - 0:00:33 - Model parameter cls_query_token is all zeros: it might be because of a missing initialization
1: WARNING 26-09-09 18:19:31.738011 - 0:00:33 - Model parameter encoder.transformer.layers.0.ff.net.0.weight is all zeros: it might be because of a missing initialization
1: WARNING 26-09-09 18:19:31.738011 - 0:00:33 - Model parameter encoder.transformer.layers.0.ff.net.0.weight is all zeros: it might be because of a missing initialization
1: WARNING 26-09-09 18:19:31.740620 - 0:00:33 - Model parameter encoder.transformer.layers.0.ff.net.1.weight is all zeros: it might be because of a missing initialization
1: WARNING 26-09-09 18:19:31.740620 - 0:00:33 - Model parameter encoder.transformer.layers.0.ff.net.1.weight is all zeros: it might be because of a missing initialization
1: WARNING 26-09-09 18:19:31.741024 - 0:00:33 - Model parameter encoder.transformer.layers.0.ff.net.3.weight is all zeros: it might be because of a missing initialization
1: WARNING 26-09-09 18:19:31.741024 - 0:00:33 - Model parameter encoder.transformer.layers.0.ff.net.3.weight is all zeros: it might be because of a missing initialization
1: WARNING 26-09-09 18:19:31.741397 - 0:00:33 - Model parameter encoder.transformer.layers.1.attn.norm.weight is all zeros: it might be because of a missing initialization
1: WARNING 26-09-09 18:19:31.741397 - 0:00:33 - Model parameter encoder.transformer.layers.1.attn.norm.weight is all zeros: it might be because of a missing initialization
1: WARNING 26-09-09 18:19:31.741783 - 0:00:33 - Model parameter encoder.transformer.layers.1.attn.to_qkv.weight is all zeros: it might be because of a missing initialization
1: WARNING 26-09-09 18:19:31.741783 - 0:00:33 - Model parameter encoder.transformer.layers.1.attn.to_qkv.weight is all zeros: it might be because of a missing initialization
1: WARNING 26-09-09 18:19:31.742158 - 0:00:33 - Model parameter encoder.transformer.layers.1.attn.to_out.weight is all zeros: it might be because of a missing initialization
1: WARNING 26-09-09 18:19:31.742158 - 0:00:33 - Model parameter encoder.transformer.layers.1.attn.to_out.weight is all zeros: it might be because of a missing initialization
1: WARNING 26-09-09 18:19:31.742527 - 0:00:33 - Model parameter encoder.transformer.layers.1.ff.net.0.weight is all zeros: it might be because of a missing initialization
1: WARNING 26-09-09 18:19:31.742527 - 0:00:33 - Model parameter encoder.transformer.layers.1.ff.net.0.weight is all zeros: it might be because of a missing initialization
1: WARNING 26-09-09 18:19:31.742894 - 0:00:33 - Model parameter encoder.transformer.layers.1.ff.net.1.weight is all zeros: it might be because of a missing initialization
1: WARNING 26-09-09 18:19:31.742894 - 0:00:33 - Model parameter encoder.transformer.layers.1.ff.net.1.weight is all zeros: it might be because of a missing initialization
1: WARNING 26-09-09 18:19:31.743280 - 0:00:33 - Model parameter encoder.transformer.layers.1.ff.net.3.weight is all zeros: it might be because of a missing initialization
1: WARNING 26-09-09 18:19:31.743280 - 0:00:33 - Model parameter encoder.transformer.layers.1.ff.net.3.weight is all zeros: it might be because of a missing initialization
1: WARNING 26-09-09 18:19:31.743618 - 0:00:33 - Model parameter encoder.transformer.layers.2.attn.norm.weight is all zeros: it might be because of a missing initialization
1: WARNING 26-09-09 18:19:31.743618 - 0:00:33 - Model parameter encoder.transformer.layers.2.attn.norm.weight is all zeros: it might be because of a missing initialization
1: WARNING 26-09-09 18:19:31.743976 - 0:00:33 - Model parameter encoder.transformer.layers.2.attn.to_qkv.weight is all zeros: it might be because of a missing initialization
1: WARNING 26-09-09 18:19:31.743976 - 0:00:33 - Model parameter encoder.transformer.layers.2.attn.to_qkv.weight is all zeros: it might be because of a missing initialization
1: WARNING 26-09-09 18:19:31.744358 - 0:00:33 - Model parameter encoder.transformer.layers.2.attn.to_out.weight is all zeros: it might be because of a missing initialization
1: WARNING 26-09-09 18:19:31.744358 - 0:00:33 - Model parameter encoder.transformer.layers.2.attn.to_out.weight is all zeros: it might be because of a missing initialization
1: WARNING 26-09-09 18:19:31.744688 - 0:00:33 - Model parameter encoder.transformer.layers.2.ff.net.0.weight is all zeros: it might be because of a missing initialization
1: WARNING 26-09-09 18:19:31.744688 - 0:00:33 - Model parameter encoder.transformer.layers.2.ff.net.0.weight is all zeros: it might be because of a missing initialization
1: WARNING 26-09-09 18:19:31.745062 - 0:00:33 - Model parameter encoder.transformer.layers.2.ff.net.1.weight is all zeros: it might be because of a missing initialization
1: WARNING 26-09-09 18:19:31.745062 - 0:00:33 - Model parameter encoder.transformer.layers.2.ff.net.1.weight is all zeros: it might be because of a missing initialization
1: WARNING 26-09-09 18:19:31.745496 - 0:00:33 - Model parameter encoder.transformer.layers.2.ff.net.3.weight is all zeros: it might be because of a missing initialization
1: WARNING 26-09-09 18:19:31.745496 - 0:00:33 - Model parameter encoder.transformer.layers.2.ff.net.3.weight is all zeros: it might be because of a missing initialization
1: WARNING 26-09-09 18:19:31.745821 - 0:00:33 - Model parameter encoder.transformer.layers.3.attn.norm.weight is all zeros: it might be because of a missing initialization
1: WARNING 26-09-09 18:19:31.745821 - 0:00:33 - Model parameter encoder.transformer.layers.3.attn.norm.weight is all zeros: it might be because of a missing initialization
1: WARNING 26-09-09 18:19:31.746190 - 0:00:33 - Model parameter encoder.transformer.layers.3.attn.to_qkv.weight is all zeros: it might be because of a missing initialization
1: WARNING 26-09-09 18:19:31.746190 - 0:00:33 - Model parameter encoder.transformer.layers.3.attn.to_qkv.weight is all zeros: it might be because of a missing initialization
1: WARNING 26-09-09 18:19:31.746588 - 0:00:33 - Model parameter encoder.transformer.layers.3.attn.to_out.weight is all zeros: it might be because of a missing initialization
1: WARNING 26-09-09 18:19:31.746588 - 0:00:33 - Model parameter encoder.transformer.layers.3.attn.to_out.weight is all zeros: it might be because of a missing initialization
1: WARNING 26-09-09 18:19:31.746909 - 0:00:33 - Model parameter encoder.transformer.layers.3.ff.net.0.weight is all zeros: it might be because of a missing initialization
1: WARNING 26-09-09 18:19:31.746909 - 0:00:33 - Model parameter encoder.transformer.layers.3.ff.net.0.weight is all zeros: it might be because of a missing initialization
1: WARNING 26-09-09 18:19:31.747265 - 0:00:33 - Model parameter encoder.transformer.layers.3.ff.net.1.weight is all zeros: it might be because of a missing initialization
1: WARNING 26-09-09 18:19:31.747265 - 0:00:33 - Model parameter encoder.transformer.layers.3.ff.net.1.weight is all zeros: it might be because of a missing initialization
1: WARNING 26-09-09 18:19:31.747674 - 0:00:33 - Model parameter encoder.transformer.layers.3.ff.net.3.weight is all zeros: it might be because of a missing initialization
1: WARNING 26-09-09 18:19:31.747674 - 0:00:33 - Model parameter encoder.transformer.layers.3.ff.net.3.weight is all zeros: it might be because of a missing initialization
1: WARNING 26-09-09 18:19:31.747996 - 0:00:33 - Model parameter encoder.transformer.layers.4.attn.norm.weight is all zeros: it might be because of a missing initialization
1: WARNING 26-09-09 18:19:31.747996 - 0:00:33 - Model parameter encoder.transformer.layers.4.attn.norm.weight is all zeros: it might be because of a missing initialization
1: WARNING 26-09-09 18:19:31.748374 - 0:00:33 - Model parameter encoder.transformer.layers.4.attn.to_qkv.weight is all zeros: it might be because of a missing initialization
1: WARNING 26-09-09 18:19:31.748374 - 0:00:33 - Model parameter encoder.transformer.layers.4.attn.to_qkv.weight is all zeros: it might be because of a missing initialization
1: WARNING 26-09-09 18:19:31.748756 - 0:00:33 - Model parameter encoder.transformer.layers.4.attn.to_out.weight is all zeros: it might be because of a missing initialization
1: WARNING 26-09-09 18:19:31.748756 - 0:00:33 - Model parameter encoder.transformer.layers.4.attn.to_out.weight is all zeros: it might be because of a missing initialization
1: WARNING 26-09-09 18:19:31.749070 - 0:00:33 - Model parameter encoder.transformer.layers.4.ff.net.0.weight is all zeros: it might be because of a missing initialization
1: WARNING 26-09-09 18:19:31.749070 - 0:00:33 - Model parameter encoder.transformer.layers.4.ff.net.0.weight is all zeros: it might be because of a missing initialization
1: WARNING 26-09-09 18:19:31.749488 - 0:00:33 - Model parameter encoder.transformer.layers.4.ff.net.1.weight is all zeros: it might be because of a missing initialization
1: WARNING 26-09-09 18:19:31.749488 - 0:00:33 - Model parameter encoder.transformer.layers.4.ff.net.1.weight is all zeros: it might be because of a missing initialization
1: WARNING 26-09-09 18:19:31.749862 - 0:00:33 - Model parameter encoder.transformer.layers.4.ff.net.3.weight is all zeros: it might be because of a missing initialization
1: WARNING 26-09-09 18:19:31.749862 - 0:00:33 - Model parameter encoder.transformer.layers.4.ff.net.3.weight is all zeros: it might be because of a missing initialization
1: WARNING 26-09-09 18:19:31.750198 - 0:00:33 - Model parameter encoder.transformer.layers.5.attn.norm.weight is all zeros: it might be because of a missing initialization
1: WARNING 26-09-09 18:19:31.750198 - 0:00:33 - Model parameter encoder.transformer.layers.5.attn.norm.weight is all zeros: it might be because of a missing initialization
1: WARNING 26-09-09 18:19:31.750604 - 0:00:33 - Model parameter encoder.transformer.layers.5.attn.to_qkv.weight is all zeros: it might be because of a missing initialization
1: WARNING 26-09-09 18:19:31.750604 - 0:00:33 - Model parameter encoder.transformer.layers.5.attn.to_qkv.weight is all zeros: it might be because of a missing initialization
1: WARNING 26-09-09 18:19:31.750966 - 0:00:33 - Model parameter encoder.transformer.layers.5.attn.to_out.weight is all zeros: it might be because of a missing initialization
1: WARNING 26-09-09 18:19:31.750966 - 0:00:33 - Model parameter encoder.transformer.layers.5.attn.to_out.weight is all zeros: it might be because of a missing initialization
1: WARNING 26-09-09 18:19:31.751278 - 0:00:33 - Model parameter encoder.transformer.layers.5.ff.net.0.weight is all zeros: it might be because of a missing initialization
1: WARNING 26-09-09 18:19:31.751278 - 0:00:33 - Model parameter encoder.transformer.layers.5.ff.net.0.weight is all zeros: it might be because of a missing initialization
1: WARNING 26-09-09 18:19:31.751668 - 0:00:33 - Model parameter encoder.transformer.layers.5.ff.net.1.weight is all zeros: it might be because of a missing initialization
1: WARNING 26-09-09 18:19:31.751668 - 0:00:33 - Model parameter encoder.transformer.layers.5.ff.net.1.weight is all zeros: it might be because of a missing initialization
1: WARNING 26-09-09 18:19:31.752033 - 0:00:33 - Model parameter encoder.transformer.layers.5.ff.net.3.weight is all zeros: it might be because of a missing initialization
1: WARNING 26-09-09 18:19:31.752033 - 0:00:33 - Model parameter encoder.transformer.layers.5.ff.net.3.weight is all zeros: it might be because of a missing initialization
1: WARNING 26-09-09 18:19:31.752352 - 0:00:33 - Model parameter encoder.transformer.layers.6.attn.norm.weight is all zeros: it might be because of a missing initialization
1: WARNING 26-09-09 18:19:31.752352 - 0:00:33 - Model parameter encoder.transformer.layers.6.attn.norm.weight is all zeros: it might be because of a missing initialization
1: WARNING 26-09-09 18:19:31.752761 - 0:00:33 - Model parameter encoder.transformer.layers.6.attn.to_qkv.weight is all zeros: it might be because of a missing initialization
1: WARNING 26-09-09 18:19:31.752761 - 0:00:33 - Model parameter encoder.transformer.layers.6.attn.to_qkv.weight is all zeros: it might be because of a missing initialization
1: WARNING 26-09-09 18:19:31.753122 - 0:00:33 - Model parameter encoder.transformer.layers.6.attn.to_out.weight is all zeros: it might be because of a missing initialization
1: WARNING 26-09-09 18:19:31.753122 - 0:00:33 - Model parameter encoder.transformer.layers.6.attn.to_out.weight is all zeros: it might be because of a missing initialization
1: WARNING 26-09-09 18:19:31.753438 - 0:00:33 - Model parameter encoder.transformer.layers.6.ff.net.0.weight is all zeros: it might be because of a missing initialization
1: WARNING 26-09-09 18:19:31.753438 - 0:00:33 - Model parameter encoder.transformer.layers.6.ff.net.0.weight is all zeros: it might be because of a missing initialization
1: WARNING 26-09-09 18:19:31.753842 - 0:00:33 - Model parameter encoder.transformer.layers.6.ff.net.1.weight is all zeros: it might be because of a missing initialization
1: WARNING 26-09-09 18:19:31.753842 - 0:00:33 - Model parameter encoder.transformer.layers.6.ff.net.1.weight is all zeros: it might be because of a missing initialization
1: WARNING 26-09-09 18:19:31.754217 - 0:00:33 - Model parameter encoder.transformer.layers.6.ff.net.3.weight is all zeros: it might be because of a missing initialization
1: WARNING 26-09-09 18:19:31.754217 - 0:00:33 - Model parameter encoder.transformer.layers.6.ff.net.3.weight is all zeros: it might be because of a missing initialization
1: WARNING 26-09-09 18:19:31.754569 - 0:00:33 - Model parameter encoder.transformer.layers.7.attn.norm.weight is all zeros: it might be because of a missing initialization
1: WARNING 26-09-09 18:19:31.754569 - 0:00:33 - Model parameter encoder.transformer.layers.7.attn.norm.weight is all zeros: it might be because of a missing initialization
1: WARNING 26-09-09 18:19:31.754937 - 0:00:33 - Model parameter encoder.transformer.layers.7.attn.to_qkv.weight is all zeros: it might be because of a missing initialization
1: WARNING 26-09-09 18:19:31.754937 - 0:00:33 - Model parameter encoder.transformer.layers.7.attn.to_qkv.weight is all zeros: it might be because of a missing initialization
1: WARNING 26-09-09 18:19:31.755293 - 0:00:33 - Model parameter encoder.transformer.layers.7.attn.to_out.weight is all zeros: it might be because of a missing initialization
1: WARNING 26-09-09 18:19:31.755293 - 0:00:33 - Model parameter encoder.transformer.layers.7.attn.to_out.weight is all zeros: it might be because of a missing initialization
1: WARNING 26-09-09 18:19:31.755666 - 0:00:33 - Model parameter encoder.transformer.layers.7.ff.net.0.weight is all zeros: it might be because of a missing initialization
1: WARNING 26-09-09 18:19:31.755666 - 0:00:33 - Model parameter encoder.transformer.layers.7.ff.net.0.weight is all zeros: it might be because of a missing initialization
1: WARNING 26-09-09 18:19:31.756032 - 0:00:33 - Model parameter encoder.transformer.layers.7.ff.net.1.weight is all zeros: it might be because of a missing initialization
1: WARNING 26-09-09 18:19:31.756032 - 0:00:33 - Model parameter encoder.transformer.layers.7.ff.net.1.weight is all zeros: it might be because of a missing initialization
1: WARNING 26-09-09 18:19:31.756388 - 0:00:33 - Model parameter encoder.transformer.layers.7.ff.net.3.weight is all zeros: it might be because of a missing initialization
1: WARNING 26-09-09 18:19:31.756388 - 0:00:33 - Model parameter encoder.transformer.layers.7.ff.net.3.weight is all zeros: it might be because of a missing initialization
1: WARNING 26-09-09 18:19:31.756731 - 0:00:33 - Model parameter encoder.transformer.layers.8.attn.norm.weight is all zeros: it might be because of a missing initialization
1: WARNING 26-09-09 18:19:31.756731 - 0:00:33 - Model parameter encoder.transformer.layers.8.attn.norm.weight is all zeros: it might be because of a missing initialization
1: WARNING 26-09-09 18:19:31.757091 - 0:00:33 - Model parameter encoder.transformer.layers.8.attn.to_qkv.weight is all zeros: it might be because of a missing initialization
1: WARNING 26-09-09 18:19:31.757091 - 0:00:33 - Model parameter encoder.transformer.layers.8.attn.to_qkv.weight is all zeros: it might be because of a missing initialization
1: WARNING 26-09-09 18:19:31.757445 - 0:00:33 - Model parameter encoder.transformer.layers.8.attn.to_out.weight is all zeros: it might be because of a missing initialization
1: WARNING 26-09-09 18:19:31.757445 - 0:00:33 - Model parameter encoder.transformer.layers.8.attn.to_out.weight is all zeros: it might be because of a missing initialization
1: WARNING 26-09-09 18:19:31.757759 - 0:00:33 - Model parameter encoder.transformer.layers.8.ff.net.0.weight is all zeros: it might be because of a missing initialization
1: WARNING 26-09-09 18:19:31.757759 - 0:00:33 - Model parameter encoder.transformer.layers.8.ff.net.0.weight is all zeros: it might be because of a missing initialization
1: WARNING 26-09-09 18:19:31.758131 - 0:00:33 - Model parameter encoder.transformer.layers.8.ff.net.1.weight is all zeros: it might be because of a missing initialization
1: WARNING 26-09-09 18:19:31.758131 - 0:00:33 - Model parameter encoder.transformer.layers.8.ff.net.1.weight is all zeros: it might be because of a missing initialization
1: WARNING 26-09-09 18:19:31.758515 - 0:00:33 - Model parameter encoder.transformer.layers.8.ff.net.3.weight is all zeros: it might be because of a missing initialization
1: WARNING 26-09-09 18:19:31.758515 - 0:00:33 - Model parameter encoder.transformer.layers.8.ff.net.3.weight is all zeros: it might be because of a missing initialization
1: WARNING 26-09-09 18:19:31.758837 - 0:00:33 - Model parameter encoder.transformer.layers.9.attn.norm.weight is all zeros: it might be because of a missing initialization
1: WARNING 26-09-09 18:19:31.758837 - 0:00:33 - Model parameter encoder.transformer.layers.9.attn.norm.weight is all zeros: it might be because of a missing initialization
1: WARNING 26-09-09 18:19:31.759205 - 0:00:33 - Model parameter encoder.transformer.layers.9.attn.to_qkv.weight is all zeros: it might be because of a missing initialization
1: WARNING 26-09-09 18:19:31.759205 - 0:00:33 - Model parameter encoder.transformer.layers.9.attn.to_qkv.weight is all zeros: it might be because of a missing initialization
1: WARNING 26-09-09 18:19:31.759576 - 0:00:33 - Model parameter encoder.transformer.layers.9.attn.to_out.weight is all zeros: it might be because of a missing initialization
1: WARNING 26-09-09 18:19:31.759576 - 0:00:33 - Model parameter encoder.transformer.layers.9.attn.to_out.weight is all zeros: it might be because of a missing initialization
1: WARNING 26-09-09 18:19:31.759899 - 0:00:33 - Model parameter encoder.transformer.layers.9.ff.net.0.weight is all zeros: it might be because of a missing initialization
1: WARNING 26-09-09 18:19:31.759899 - 0:00:33 - Model parameter encoder.transformer.layers.9.ff.net.0.weight is all zeros: it might be because of a missing initialization
1: WARNING 26-09-09 18:19:31.760263 - 0:00:33 - Model parameter encoder.transformer.layers.9.ff.net.1.weight is all zeros: it might be because of a missing initialization
1: WARNING 26-09-09 18:19:31.760263 - 0:00:33 - Model parameter encoder.transformer.layers.9.ff.net.1.weight is all zeros: it might be because of a missing initialization
1: WARNING 26-09-09 18:19:31.760643 - 0:00:33 - Model parameter encoder.transformer.layers.9.ff.net.3.weight is all zeros: it might be because of a missing initialization
1: WARNING 26-09-09 18:19:31.760643 - 0:00:33 - Model parameter encoder.transformer.layers.9.ff.net.3.weight is all zeros: it might be because of a missing initialization
1: WARNING 26-09-09 18:19:31.760966 - 0:00:33 - Model parameter encoder.transformer.layers.10.attn.norm.weight is all zeros: it might be because of a missing initialization
1: WARNING 26-09-09 18:19:31.760966 - 0:00:33 - Model parameter encoder.transformer.layers.10.attn.norm.weight is all zeros: it might be because of a missing initialization
1: WARNING 26-09-09 18:19:31.761327 - 0:00:33 - Model parameter encoder.transformer.layers.10.attn.to_qkv.weight is all zeros: it might be because of a missing initialization
1: WARNING 26-09-09 18:19:31.761327 - 0:00:33 - Model parameter encoder.transformer.layers.10.attn.to_qkv.weight is all zeros: it might be because of a missing initialization
1: WARNING 26-09-09 18:19:31.761700 - 0:00:33 - Model parameter encoder.transformer.layers.10.attn.to_out.weight is all zeros: it might be because of a missing initialization
1: WARNING 26-09-09 18:19:31.761700 - 0:00:33 - Model parameter encoder.transformer.layers.10.attn.to_out.weight is all zeros: it might be because of a missing initialization
1: WARNING 26-09-09 18:19:31.762019 - 0:00:33 - Model parameter encoder.transformer.layers.10.ff.net.0.weight is all zeros: it might be because of a missing initialization
1: WARNING 26-09-09 18:19:31.762019 - 0:00:33 - Model parameter encoder.transformer.layers.10.ff.net.0.weight is all zeros: it might be because of a missing initialization
1: WARNING 26-09-09 18:19:31.762402 - 0:00:33 - Model parameter encoder.transformer.layers.10.ff.net.1.weight is all zeros: it might be because of a missing initialization
1: WARNING 26-09-09 18:19:31.762402 - 0:00:33 - Model parameter encoder.transformer.layers.10.ff.net.1.weight is all zeros: it might be because of a missing initialization
1: WARNING 26-09-09 18:19:31.762783 - 0:00:33 - Model parameter encoder.transformer.layers.10.ff.net.3.weight is all zeros: it might be because of a missing initialization
1: WARNING 26-09-09 18:19:31.762783 - 0:00:33 - Model parameter encoder.transformer.layers.10.ff.net.3.weight is all zeros: it might be because of a missing initialization
1: WARNING 26-09-09 18:19:31.763101 - 0:00:33 - Model parameter encoder.transformer.layers.11.attn.norm.weight is all zeros: it might be because of a missing initialization
1: WARNING 26-09-09 18:19:31.763101 - 0:00:33 - Model parameter encoder.transformer.layers.11.attn.norm.weight is all zeros: it might be because of a missing initialization
1: WARNING 26-09-09 18:19:31.763461 - 0:00:33 - Model parameter encoder.transformer.layers.11.attn.to_qkv.weight is all zeros: it might be because of a missing initialization
1: WARNING 26-09-09 18:19:31.763461 - 0:00:33 - Model parameter encoder.transformer.layers.11.attn.to_qkv.weight is all zeros: it might be because of a missing initialization
1: WARNING 26-09-09 18:19:31.763820 - 0:00:33 - Model parameter encoder.transformer.layers.11.attn.to_out.weight is all zeros: it might be because of a missing initialization
1: WARNING 26-09-09 18:19:31.763820 - 0:00:33 - Model parameter encoder.transformer.layers.11.attn.to_out.weight is all zeros: it might be because of a missing initialization
1: WARNING 26-09-09 18:19:31.764131 - 0:00:33 - Model parameter encoder.transformer.layers.11.ff.net.0.weight is all zeros: it might be because of a missing initialization
1: WARNING 26-09-09 18:19:31.764131 - 0:00:33 - Model parameter encoder.transformer.layers.11.ff.net.0.weight is all zeros: it might be because of a missing initialization
1: WARNING 26-09-09 18:19:31.764488 - 0:00:33 - Model parameter encoder.transformer.layers.11.ff.net.1.weight is all zeros: it might be because of a missing initialization
1: WARNING 26-09-09 18:19:31.764488 - 0:00:33 - Model parameter encoder.transformer.layers.11.ff.net.1.weight is all zeros: it might be because of a missing initialization
1: WARNING 26-09-09 18:19:31.764846 - 0:00:33 - Model parameter encoder.transformer.layers.11.ff.net.3.weight is all zeros: it might be because of a missing initialization
1: WARNING 26-09-09 18:19:31.764846 - 0:00:33 - Model parameter encoder.transformer.layers.11.ff.net.3.weight is all zeros: it might be because of a missing initialization
1: WARNING 26-09-09 18:19:31.765152 - 0:00:33 - Model parameter encoder.transformer.layers.12.attn.norm.weight is all zeros: it might be because of a missing initialization
1: WARNING 26-09-09 18:19:31.765152 - 0:00:33 - Model parameter encoder.transformer.layers.12.attn.norm.weight is all zeros: it might be because of a missing initialization
1: WARNING 26-09-09 18:19:31.765510 - 0:00:33 - Model parameter encoder.transformer.layers.12.attn.to_qkv.weight is all zeros: it might be because of a missing initialization
1: WARNING 26-09-09 18:19:31.765510 - 0:00:33 - Model parameter encoder.transformer.layers.12.attn.to_qkv.weight is all zeros: it might be because of a missing initialization
1: WARNING 26-09-09 18:19:31.765901 - 0:00:33 - Model parameter encoder.transformer.layers.12.attn.to_out.weight is all zeros: it might be because of a missing initialization
1: WARNING 26-09-09 18:19:31.765901 - 0:00:33 - Model parameter encoder.transformer.layers.12.attn.to_out.weight is all zeros: it might be because of a missing initialization
1: WARNING 26-09-09 18:19:31.766240 - 0:00:33 - Model parameter encoder.transformer.layers.12.ff.net.0.weight is all zeros: it might be because of a missing initialization
1: WARNING 26-09-09 18:19:31.766240 - 0:00:33 - Model parameter encoder.transformer.layers.12.ff.net.0.weight is all zeros: it might be because of a missing initialization
1: WARNING 26-09-09 18:19:31.766615 - 0:00:33 - Model parameter encoder.transformer.layers.12.ff.net.1.weight is all zeros: it might be because of a missing initialization
1: WARNING 26-09-09 18:19:31.766615 - 0:00:33 - Model parameter encoder.transformer.layers.12.ff.net.1.weight is all zeros: it might be because of a missing initialization
1: WARNING 26-09-09 18:19:31.766987 - 0:00:33 - Model parameter encoder.transformer.layers.12.ff.net.3.weight is all zeros: it might be because of a missing initialization
1: WARNING 26-09-09 18:19:31.766987 - 0:00:33 - Model parameter encoder.transformer.layers.12.ff.net.3.weight is all zeros: it might be because of a missing initialization
1: WARNING 26-09-09 18:19:31.767306 - 0:00:33 - Model parameter encoder.transformer.layers.13.attn.norm.weight is all zeros: it might be because of a missing initialization
1: WARNING 26-09-09 18:19:31.767306 - 0:00:33 - Model parameter encoder.transformer.layers.13.attn.norm.weight is all zeros: it might be because of a missing initialization
1: WARNING 26-09-09 18:19:31.767680 - 0:00:33 - Model parameter encoder.transformer.layers.13.attn.to_qkv.weight is all zeros: it might be because of a missing initialization
1: WARNING 26-09-09 18:19:31.767680 - 0:00:33 - Model parameter encoder.transformer.layers.13.attn.to_qkv.weight is all zeros: it might be because of a missing initialization
1: WARNING 26-09-09 18:19:31.768042 - 0:00:33 - Model parameter encoder.transformer.layers.13.attn.to_out.weight is all zeros: it might be because of a missing initialization
0: WARNING 26-09-09 18:19:31.768387 - 0:00:33 - Model parameter encoder.transformer.layers.0.attn.norm.weight is all zeros: it might be because of a missing initialization
1: WARNING 26-09-09 18:19:31.768042 - 0:00:33 - Model parameter encoder.transformer.layers.13.attn.to_out.weight is all zeros: it might be because of a missing initialization
0: WARNING 26-09-09 18:19:31.768387 - 0:00:33 - Model parameter encoder.transformer.layers.0.attn.norm.weight is all zeros: it might be because of a missing initialization
1: WARNING 26-09-09 18:19:31.775700 - 0:00:33 - Model parameter encoder.transformer.layers.13.ff.net.0.weight is all zeros: it might be because of a missing initialization
1: WARNING 26-09-09 18:19:31.775700 - 0:00:33 - Model parameter encoder.transformer.layers.13.ff.net.0.weight is all zeros: it might be because of a missing initialization
1: WARNING 26-09-09 18:19:31.776078 - 0:00:33 - Model parameter encoder.transformer.layers.13.ff.net.1.weight is all zeros: it might be because of a missing initialization
1: WARNING 26-09-09 18:19:31.776078 - 0:00:33 - Model parameter encoder.transformer.layers.13.ff.net.1.weight is all zeros: it might be because of a missing initialization
1: WARNING 26-09-09 18:19:31.776463 - 0:00:33 - Model parameter encoder.transformer.layers.13.ff.net.3.weight is all zeros: it might be because of a missing initialization
1: WARNING 26-09-09 18:19:31.776463 - 0:00:33 - Model parameter encoder.transformer.layers.13.ff.net.3.weight is all zeros: it might be because of a missing initialization
1: WARNING 26-09-09 18:19:31.776795 - 0:00:33 - Model parameter encoder.transformer.layers.14.attn.norm.weight is all zeros: it might be because of a missing initialization
1: WARNING 26-09-09 18:19:31.776795 - 0:00:33 - Model parameter encoder.transformer.layers.14.attn.norm.weight is all zeros: it might be because of a missing initialization
1: WARNING 26-09-09 18:19:31.777161 - 0:00:33 - Model parameter encoder.transformer.layers.14.attn.to_qkv.weight is all zeros: it might be because of a missing initialization
1: WARNING 26-09-09 18:19:31.777161 - 0:00:33 - Model parameter encoder.transformer.layers.14.attn.to_qkv.weight is all zeros: it might be because of a missing initialization
1: WARNING 26-09-09 18:19:31.777527 - 0:00:33 - Model parameter encoder.transformer.layers.14.attn.to_out.weight is all zeros: it might be because of a missing initialization
1: WARNING 26-09-09 18:19:31.777527 - 0:00:33 - Model parameter encoder.transformer.layers.14.attn.to_out.weight is all zeros: it might be because of a missing initialization
1: WARNING 26-09-09 18:19:31.777858 - 0:00:33 - Model parameter encoder.transformer.layers.14.ff.net.0.weight is all zeros: it might be because of a missing initialization
1: WARNING 26-09-09 18:19:31.777858 - 0:00:33 - Model parameter encoder.transformer.layers.14.ff.net.0.weight is all zeros: it might be because of a missing initialization
1: WARNING 26-09-09 18:19:31.778234 - 0:00:33 - Model parameter encoder.transformer.layers.14.ff.net.1.weight is all zeros: it might be because of a missing initialization
1: WARNING 26-09-09 18:19:31.778234 - 0:00:33 - Model parameter encoder.transformer.layers.14.ff.net.1.weight is all zeros: it might be because of a missing initialization
1: WARNING 26-09-09 18:19:31.778606 - 0:00:33 - Model parameter encoder.transformer.layers.14.ff.net.3.weight is all zeros: it might be because of a missing initialization
1: WARNING 26-09-09 18:19:31.778606 - 0:00:33 - Model parameter encoder.transformer.layers.14.ff.net.3.weight is all zeros: it might be because of a missing initialization
1: WARNING 26-09-09 18:19:31.778927 - 0:00:33 - Model parameter encoder.transformer.layers.15.attn.norm.weight is all zeros: it might be because of a missing initialization
1: WARNING 26-09-09 18:19:31.778927 - 0:00:33 - Model parameter encoder.transformer.layers.15.attn.norm.weight is all zeros: it might be because of a missing initialization
1: WARNING 26-09-09 18:19:31.779290 - 0:00:33 - Model parameter encoder.transformer.layers.15.attn.to_qkv.weight is all zeros: it might be because of a missing initialization
0: WARNING 26-09-09 18:19:31.779498 - 0:00:33 - Model parameter encoder.transformer.layers.0.attn.to_qkv.weight is all zeros: it might be because of a missing initialization
1: WARNING 26-09-09 18:19:31.779290 - 0:00:33 - Model parameter encoder.transformer.layers.15.attn.to_qkv.weight is all zeros: it might be because of a missing initialization
0: WARNING 26-09-09 18:19:31.779498 - 0:00:33 - Model parameter encoder.transformer.layers.0.attn.to_qkv.weight is all zeros: it might be because of a missing initialization
1: WARNING 26-09-09 18:19:31.785517 - 0:00:33 - Model parameter encoder.transformer.layers.15.attn.to_out.weight is all zeros: it might be because of a missing initialization
1: WARNING 26-09-09 18:19:31.785517 - 0:00:33 - Model parameter encoder.transformer.layers.15.attn.to_out.weight is all zeros: it might be because of a missing initialization
1: WARNING 26-09-09 18:19:31.785852 - 0:00:33 - Model parameter encoder.transformer.layers.15.ff.net.0.weight is all zeros: it might be because of a missing initialization
1: WARNING 26-09-09 18:19:31.785852 - 0:00:33 - Model parameter encoder.transformer.layers.15.ff.net.0.weight is all zeros: it might be because of a missing initialization
1: WARNING 26-09-09 18:19:31.786233 - 0:00:33 - Model parameter encoder.transformer.layers.15.ff.net.1.weight is all zeros: it might be because of a missing initialization
1: WARNING 26-09-09 18:19:31.786233 - 0:00:33 - Model parameter encoder.transformer.layers.15.ff.net.1.weight is all zeros: it might be because of a missing initialization
1: WARNING 26-09-09 18:19:31.786608 - 0:00:33 - Model parameter encoder.transformer.layers.15.ff.net.3.weight is all zeros: it might be because of a missing initialization
1: WARNING 26-09-09 18:19:31.786608 - 0:00:33 - Model parameter encoder.transformer.layers.15.ff.net.3.weight is all zeros: it might be because of a missing initialization
1: WARNING 26-09-09 18:19:31.786931 - 0:00:33 - Model parameter encoder.transformer.layers.16.attn.norm.weight is all zeros: it might be because of a missing initialization
1: WARNING 26-09-09 18:19:31.786931 - 0:00:33 - Model parameter encoder.transformer.layers.16.attn.norm.weight is all zeros: it might be because of a missing initialization
1: WARNING 26-09-09 18:19:31.787283 - 0:00:33 - Model parameter encoder.transformer.layers.16.attn.to_qkv.weight is all zeros: it might be because of a missing initialization
1: WARNING 26-09-09 18:19:31.787283 - 0:00:33 - Model parameter encoder.transformer.layers.16.attn.to_qkv.weight is all zeros: it might be because of a missing initialization
1: WARNING 26-09-09 18:19:31.787650 - 0:00:33 - Model parameter encoder.transformer.layers.16.attn.to_out.weight is all zeros: it might be because of a missing initialization
1: WARNING 26-09-09 18:19:31.787650 - 0:00:33 - Model parameter encoder.transformer.layers.16.attn.to_out.weight is all zeros: it might be because of a missing initialization
1: WARNING 26-09-09 18:19:31.787961 - 0:00:33 - Model parameter encoder.transformer.layers.16.ff.net.0.weight is all zeros: it might be because of a missing initialization
1: WARNING 26-09-09 18:19:31.787961 - 0:00:33 - Model parameter encoder.transformer.layers.16.ff.net.0.weight is all zeros: it might be because of a missing initialization
1: WARNING 26-09-09 18:19:31.788318 - 0:00:33 - Model parameter encoder.transformer.layers.16.ff.net.1.weight is all zeros: it might be because of a missing initialization
1: WARNING 26-09-09 18:19:31.788318 - 0:00:33 - Model parameter encoder.transformer.layers.16.ff.net.1.weight is all zeros: it might be because of a missing initialization
1: WARNING 26-09-09 18:19:31.788687 - 0:00:33 - Model parameter encoder.transformer.layers.16.ff.net.3.weight is all zeros: it might be because of a missing initialization
1: WARNING 26-09-09 18:19:31.788687 - 0:00:33 - Model parameter encoder.transformer.layers.16.ff.net.3.weight is all zeros: it might be because of a missing initialization
1: WARNING 26-09-09 18:19:31.789000 - 0:00:33 - Model parameter encoder.transformer.layers.17.attn.norm.weight is all zeros: it might be because of a missing initialization
0: WARNING 26-09-09 18:19:31.789538 - 0:00:33 - Model parameter encoder.transformer.layers.0.attn.to_out.weight is all zeros: it might be because of a missing initialization
1: WARNING 26-09-09 18:19:31.789000 - 0:00:33 - Model parameter encoder.transformer.layers.17.attn.norm.weight is all zeros: it might be because of a missing initialization
0: WARNING 26-09-09 18:19:31.789538 - 0:00:33 - Model parameter encoder.transformer.layers.0.attn.to_out.weight is all zeros: it might be because of a missing initialization
1: WARNING 26-09-09 18:19:31.792753 - 0:00:33 - Model parameter encoder.transformer.layers.17.attn.to_qkv.weight is all zeros: it might be because of a missing initialization
1: WARNING 26-09-09 18:19:31.792753 - 0:00:33 - Model parameter encoder.transformer.layers.17.attn.to_qkv.weight is all zeros: it might be because of a missing initialization
1: WARNING 26-09-09 18:19:31.793118 - 0:00:33 - Model parameter encoder.transformer.layers.17.attn.to_out.weight is all zeros: it might be because of a missing initialization
1: WARNING 26-09-09 18:19:31.793118 - 0:00:33 - Model parameter encoder.transformer.layers.17.attn.to_out.weight is all zeros: it might be because of a missing initialization
1: WARNING 26-09-09 18:19:31.793441 - 0:00:33 - Model parameter encoder.transformer.layers.17.ff.net.0.weight is all zeros: it might be because of a missing initialization
1: WARNING 26-09-09 18:19:31.793441 - 0:00:33 - Model parameter encoder.transformer.layers.17.ff.net.0.weight is all zeros: it might be because of a missing initialization
1: WARNING 26-09-09 18:19:31.793802 - 0:00:33 - Model parameter encoder.transformer.layers.17.ff.net.1.weight is all zeros: it might be because of a missing initialization
1: WARNING 26-09-09 18:19:31.793802 - 0:00:33 - Model parameter encoder.transformer.layers.17.ff.net.1.weight is all zeros: it might be because of a missing initialization
1: WARNING 26-09-09 18:19:31.794160 - 0:00:33 - Model parameter encoder.transformer.layers.17.ff.net.3.weight is all zeros: it might be because of a missing initialization
1: WARNING 26-09-09 18:19:31.794160 - 0:00:33 - Model parameter encoder.transformer.layers.17.ff.net.3.weight is all zeros: it might be because of a missing initialization
1: WARNING 26-09-09 18:19:31.794488 - 0:00:33 - Model parameter encoder.transformer.layers.18.attn.norm.weight is all zeros: it might be because of a missing initialization
1: WARNING 26-09-09 18:19:31.794488 - 0:00:33 - Model parameter encoder.transformer.layers.18.attn.norm.weight is all zeros: it might be because of a missing initialization
1: WARNING 26-09-09 18:19:31.794852 - 0:00:33 - Model parameter encoder.transformer.layers.18.attn.to_qkv.weight is all zeros: it might be because of a missing initialization
1: WARNING 26-09-09 18:19:31.794852 - 0:00:33 - Model parameter encoder.transformer.layers.18.attn.to_qkv.weight is all zeros: it might be because of a missing initialization
1: WARNING 26-09-09 18:19:31.795209 - 0:00:33 - Model parameter encoder.transformer.layers.18.attn.to_out.weight is all zeros: it might be because of a missing initialization
1: WARNING 26-09-09 18:19:31.795209 - 0:00:33 - Model parameter encoder.transformer.layers.18.attn.to_out.weight is all zeros: it might be because of a missing initialization
1: WARNING 26-09-09 18:19:31.795532 - 0:00:33 - Model parameter encoder.transformer.layers.18.ff.net.0.weight is all zeros: it might be because of a missing initialization
1: WARNING 26-09-09 18:19:31.795532 - 0:00:33 - Model parameter encoder.transformer.layers.18.ff.net.0.weight is all zeros: it might be because of a missing initialization
1: WARNING 26-09-09 18:19:31.795898 - 0:00:33 - Model parameter encoder.transformer.layers.18.ff.net.1.weight is all zeros: it might be because of a missing initialization
0: WARNING 26-09-09 18:19:31.796127 - 0:00:33 - Model parameter encoder.transformer.layers.0.ff.net.0.weight is all zeros: it might be because of a missing initialization
1: WARNING 26-09-09 18:19:31.795898 - 0:00:33 - Model parameter encoder.transformer.layers.18.ff.net.1.weight is all zeros: it might be because of a missing initialization
0: WARNING 26-09-09 18:19:31.796127 - 0:00:33 - Model parameter encoder.transformer.layers.0.ff.net.0.weight is all zeros: it might be because of a missing initialization
1: WARNING 26-09-09 18:19:31.799777 - 0:00:33 - Model parameter encoder.transformer.layers.18.ff.net.3.weight is all zeros: it might be because of a missing initialization
1: WARNING 26-09-09 18:19:31.799777 - 0:00:33 - Model parameter encoder.transformer.layers.18.ff.net.3.weight is all zeros: it might be because of a missing initialization
1: WARNING 26-09-09 18:19:31.800102 - 0:00:33 - Model parameter encoder.transformer.layers.19.attn.norm.weight is all zeros: it might be because of a missing initialization
1: WARNING 26-09-09 18:19:31.800102 - 0:00:33 - Model parameter encoder.transformer.layers.19.attn.norm.weight is all zeros: it might be because of a missing initialization
1: WARNING 26-09-09 18:19:31.800475 - 0:00:33 - Model parameter encoder.transformer.layers.19.attn.to_qkv.weight is all zeros: it might be because of a missing initialization
1: WARNING 26-09-09 18:19:31.800475 - 0:00:33 - Model parameter encoder.transformer.layers.19.attn.to_qkv.weight is all zeros: it might be because of a missing initialization
1: WARNING 26-09-09 18:19:31.800843 - 0:00:33 - Model parameter encoder.transformer.layers.19.attn.to_out.weight is all zeros: it might be because of a missing initialization
1: WARNING 26-09-09 18:19:31.800843 - 0:00:33 - Model parameter encoder.transformer.layers.19.attn.to_out.weight is all zeros: it might be because of a missing initialization
1: WARNING 26-09-09 18:19:31.801159 - 0:00:33 - Model parameter encoder.transformer.layers.19.ff.net.0.weight is all zeros: it might be because of a missing initialization
1: WARNING 26-09-09 18:19:31.801159 - 0:00:33 - Model parameter encoder.transformer.layers.19.ff.net.0.weight is all zeros: it might be because of a missing initialization
1: WARNING 26-09-09 18:19:31.801534 - 0:00:33 - Model parameter encoder.transformer.layers.19.ff.net.1.weight is all zeros: it might be because of a missing initialization
1: WARNING 26-09-09 18:19:31.801534 - 0:00:33 - Model parameter encoder.transformer.layers.19.ff.net.1.weight is all zeros: it might be because of a missing initialization
1: WARNING 26-09-09 18:19:31.801909 - 0:00:33 - Model parameter encoder.transformer.layers.19.ff.net.3.weight is all zeros: it might be because of a missing initialization
1: WARNING 26-09-09 18:19:31.801909 - 0:00:33 - Model parameter encoder.transformer.layers.19.ff.net.3.weight is all zeros: it might be because of a missing initialization
1: WARNING 26-09-09 18:19:31.802234 - 0:00:33 - Model parameter encoder.transformer.layers.20.attn.norm.weight is all zeros: it might be because of a missing initialization
1: WARNING 26-09-09 18:19:31.802234 - 0:00:33 - Model parameter encoder.transformer.layers.20.attn.norm.weight is all zeros: it might be because of a missing initialization
1: WARNING 26-09-09 18:19:31.802615 - 0:00:33 - Model parameter encoder.transformer.layers.20.attn.to_qkv.weight is all zeros: it might be because of a missing initialization
1: WARNING 26-09-09 18:19:31.802615 - 0:00:33 - Model parameter encoder.transformer.layers.20.attn.to_qkv.weight is all zeros: it might be because of a missing initialization
1: WARNING 26-09-09 18:19:31.802972 - 0:00:33 - Model parameter encoder.transformer.layers.20.attn.to_out.weight is all zeros: it might be because of a missing initialization
1: WARNING 26-09-09 18:19:31.802972 - 0:00:33 - Model parameter encoder.transformer.layers.20.attn.to_out.weight is all zeros: it might be because of a missing initialization
1: WARNING 26-09-09 18:19:31.803282 - 0:00:33 - Model parameter encoder.transformer.layers.20.ff.net.0.weight is all zeros: it might be because of a missing initialization
1: WARNING 26-09-09 18:19:31.803282 - 0:00:33 - Model parameter encoder.transformer.layers.20.ff.net.0.weight is all zeros: it might be because of a missing initialization
1: WARNING 26-09-09 18:19:31.803642 - 0:00:33 - Model parameter encoder.transformer.layers.20.ff.net.1.weight is all zeros: it might be because of a missing initialization
0: WARNING 26-09-09 18:19:31.803878 - 0:00:33 - Model parameter encoder.transformer.layers.0.ff.net.1.weight is all zeros: it might be because of a missing initialization
1: WARNING 26-09-09 18:19:31.803642 - 0:00:33 - Model parameter encoder.transformer.layers.20.ff.net.1.weight is all zeros: it might be because of a missing initialization
0: WARNING 26-09-09 18:19:31.803878 - 0:00:33 - Model parameter encoder.transformer.layers.0.ff.net.1.weight is all zeros: it might be because of a missing initialization
1: WARNING 26-09-09 18:19:31.807210 - 0:00:33 - Model parameter encoder.transformer.layers.20.ff.net.3.weight is all zeros: it might be because of a missing initialization
1: WARNING 26-09-09 18:19:31.807210 - 0:00:33 - Model parameter encoder.transformer.layers.20.ff.net.3.weight is all zeros: it might be because of a missing initialization
1: WARNING 26-09-09 18:19:31.807539 - 0:00:33 - Model parameter encoder.transformer.layers.21.attn.norm.weight is all zeros: it might be because of a missing initialization
1: WARNING 26-09-09 18:19:31.807539 - 0:00:33 - Model parameter encoder.transformer.layers.21.attn.norm.weight is all zeros: it might be because of a missing initialization
1: WARNING 26-09-09 18:19:31.807900 - 0:00:33 - Model parameter encoder.transformer.layers.21.attn.to_qkv.weight is all zeros: it might be because of a missing initialization
1: WARNING 26-09-09 18:19:31.807900 - 0:00:33 - Model parameter encoder.transformer.layers.21.attn.to_qkv.weight is all zeros: it might be because of a missing initialization
1: WARNING 26-09-09 18:19:31.808254 - 0:00:33 - Model parameter encoder.transformer.layers.21.attn.to_out.weight is all zeros: it might be because of a missing initialization
1: WARNING 26-09-09 18:19:31.808254 - 0:00:33 - Model parameter encoder.transformer.layers.21.attn.to_out.weight is all zeros: it might be because of a missing initialization
1: WARNING 26-09-09 18:19:31.808568 - 0:00:33 - Model parameter encoder.transformer.layers.21.ff.net.0.weight is all zeros: it might be because of a missing initialization
1: WARNING 26-09-09 18:19:31.808568 - 0:00:33 - Model parameter encoder.transformer.layers.21.ff.net.0.weight is all zeros: it might be because of a missing initialization
1: WARNING 26-09-09 18:19:31.808929 - 0:00:33 - Model parameter encoder.transformer.layers.21.ff.net.1.weight is all zeros: it might be because of a missing initialization
1: WARNING 26-09-09 18:19:31.808929 - 0:00:33 - Model parameter encoder.transformer.layers.21.ff.net.1.weight is all zeros: it might be because of a missing initialization
1: WARNING 26-09-09 18:19:31.809286 - 0:00:33 - Model parameter encoder.transformer.layers.21.ff.net.3.weight is all zeros: it might be because of a missing initialization
1: WARNING 26-09-09 18:19:31.809286 - 0:00:33 - Model parameter encoder.transformer.layers.21.ff.net.3.weight is all zeros: it might be because of a missing initialization
1: WARNING 26-09-09 18:19:31.809737 - 0:00:33 - Model parameter encoder.to_patch_embedding.0.weight is all zeros: it might be because of a missing initialization
1: WARNING 26-09-09 18:19:31.809737 - 0:00:33 - Model parameter encoder.to_patch_embedding.0.weight is all zeros: it might be because of a missing initialization
1: WARNING 26-09-09 18:19:31.810044 - 0:00:33 - Model parameter encoder.to_patch_embedding.0.bias is all zeros: it might be because of a missing initialization
1: WARNING 26-09-09 18:19:31.810044 - 0:00:33 - Model parameter encoder.to_patch_embedding.0.bias is all zeros: it might be because of a missing initialization
1: WARNING 26-09-09 18:19:31.810383 - 0:00:33 - Model parameter encoder.mlp4d.0.weight is all zeros: it might be because of a missing initialization
1: WARNING 26-09-09 18:19:31.810383 - 0:00:33 - Model parameter encoder.mlp4d.0.weight is all zeros: it might be because of a missing initialization
1: WARNING 26-09-09 18:19:31.810712 - 0:00:33 - Model parameter encoder.mlp4d.2.weight is all zeros: it might be because of a missing initialization
1: WARNING 26-09-09 18:19:31.810712 - 0:00:33 - Model parameter encoder.mlp4d.2.weight is all zeros: it might be because of a missing initialization
1: WARNING 26-09-09 18:19:31.811011 - 0:00:33 - Model parameter encoder.mlp4d.2.bias is all zeros: it might be because of a missing initialization
1: WARNING 26-09-09 18:19:31.811011 - 0:00:33 - Model parameter encoder.mlp4d.2.bias is all zeros: it might be because of a missing initialization
1: WARNING 26-09-09 18:19:31.811314 - 0:00:33 - Model parameter encoder.ln.weight is all zeros: it might be because of a missing initialization
1: WARNING 26-09-09 18:19:31.811314 - 0:00:33 - Model parameter encoder.ln.weight is all zeros: it might be because of a missing initialization
1: WARNING 26-09-09 18:19:31.811625 - 0:00:33 - Model parameter encoder.ln.bias is all zeros: it might be because of a missing initialization
0: WARNING 26-09-09 18:19:31.811774 - 0:00:33 - Model parameter encoder.transformer.layers.0.ff.net.3.weight is all zeros: it might be because of a missing initialization
1: WARNING 26-09-09 18:19:31.811625 - 0:00:33 - Model parameter encoder.ln.bias is all zeros: it might be because of a missing initialization
0: WARNING 26-09-09 18:19:31.811774 - 0:00:33 - Model parameter encoder.transformer.layers.0.ff.net.3.weight is all zeros: it might be because of a missing initialization
1: WARNING 26-09-09 18:19:31.820636 - 0:00:33 - Model parameter decoder.layers.0.attn.norm.weight is all zeros: it might be because of a missing initialization
1: WARNING 26-09-09 18:19:31.820636 - 0:00:33 - Model parameter decoder.layers.0.attn.norm.weight is all zeros: it might be because of a missing initialization
1: WARNING 26-09-09 18:19:31.821005 - 0:00:33 - Model parameter decoder.layers.0.attn.to_qkv.weight is all zeros: it might be because of a missing initialization
1: WARNING 26-09-09 18:19:31.821005 - 0:00:33 - Model parameter decoder.layers.0.attn.to_qkv.weight is all zeros: it might be because of a missing initialization
1: WARNING 26-09-09 18:19:31.821363 - 0:00:33 - Model parameter decoder.layers.0.attn.to_out.weight is all zeros: it might be because of a missing initialization
1: WARNING 26-09-09 18:19:31.821363 - 0:00:33 - Model parameter decoder.layers.0.attn.to_out.weight is all zeros: it might be because of a missing initialization
1: WARNING 26-09-09 18:19:31.821695 - 0:00:33 - Model parameter decoder.layers.0.ff.net.0.weight is all zeros: it might be because of a missing initialization
1: WARNING 26-09-09 18:19:31.821695 - 0:00:33 - Model parameter decoder.layers.0.ff.net.0.weight is all zeros: it might be because of a missing initialization
1: WARNING 26-09-09 18:19:31.822054 - 0:00:33 - Model parameter decoder.layers.0.ff.net.1.weight is all zeros: it might be because of a missing initialization
1: WARNING 26-09-09 18:19:31.822054 - 0:00:33 - Model parameter decoder.layers.0.ff.net.1.weight is all zeros: it might be because of a missing initialization
1: WARNING 26-09-09 18:19:31.822446 - 0:00:33 - Model parameter decoder.layers.0.ff.net.3.weight is all zeros: it might be because of a missing initialization
1: WARNING 26-09-09 18:19:31.822446 - 0:00:33 - Model parameter decoder.layers.0.ff.net.3.weight is all zeros: it might be because of a missing initialization
1: WARNING 26-09-09 18:19:31.822769 - 0:00:33 - Model parameter decoder.layers.1.attn.norm.weight is all zeros: it might be because of a missing initialization
1: WARNING 26-09-09 18:19:31.822769 - 0:00:33 - Model parameter decoder.layers.1.attn.norm.weight is all zeros: it might be because of a missing initialization
1: WARNING 26-09-09 18:19:31.823126 - 0:00:33 - Model parameter decoder.layers.1.attn.to_qkv.weight is all zeros: it might be because of a missing initialization
1: WARNING 26-09-09 18:19:31.823126 - 0:00:33 - Model parameter decoder.layers.1.attn.to_qkv.weight is all zeros: it might be because of a missing initialization
0: WARNING 26-09-09 18:19:31.823472 - 0:00:33 - Model parameter encoder.transformer.layers.1.attn.norm.weight is all zeros: it might be because of a missing initialization
0: WARNING 26-09-09 18:19:31.823472 - 0:00:33 - Model parameter encoder.transformer.layers.1.attn.norm.weight is all zeros: it might be because of a missing initialization
1: WARNING 26-09-09 18:19:31.827167 - 0:00:33 - Model parameter decoder.layers.1.attn.to_out.weight is all zeros: it might be because of a missing initialization
1: WARNING 26-09-09 18:19:31.827167 - 0:00:33 - Model parameter decoder.layers.1.attn.to_out.weight is all zeros: it might be because of a missing initialization
1: WARNING 26-09-09 18:19:31.830569 - 0:00:33 - Model parameter decoder.layers.1.ff.net.0.weight is all zeros: it might be because of a missing initialization
1: WARNING 26-09-09 18:19:31.830569 - 0:00:33 - Model parameter decoder.layers.1.ff.net.0.weight is all zeros: it might be because of a missing initialization
1: WARNING 26-09-09 18:19:31.830933 - 0:00:33 - Model parameter decoder.layers.1.ff.net.1.weight is all zeros: it might be because of a missing initialization
1: WARNING 26-09-09 18:19:31.830933 - 0:00:33 - Model parameter decoder.layers.1.ff.net.1.weight is all zeros: it might be because of a missing initialization
1: WARNING 26-09-09 18:19:31.831290 - 0:00:33 - Model parameter decoder.layers.1.ff.net.3.weight is all zeros: it might be because of a missing initialization
1: WARNING 26-09-09 18:19:31.831290 - 0:00:33 - Model parameter decoder.layers.1.ff.net.3.weight is all zeros: it might be because of a missing initialization
1: WARNING 26-09-09 18:19:31.831611 - 0:00:33 - Model parameter decoder.layers.2.attn.norm.weight is all zeros: it might be because of a missing initialization
1: WARNING 26-09-09 18:19:31.831611 - 0:00:33 - Model parameter decoder.layers.2.attn.norm.weight is all zeros: it might be because of a missing initialization
1: WARNING 26-09-09 18:19:31.831995 - 0:00:33 - Model parameter decoder.layers.2.attn.to_qkv.weight is all zeros: it might be because of a missing initialization
1: WARNING 26-09-09 18:19:31.831995 - 0:00:33 - Model parameter decoder.layers.2.attn.to_qkv.weight is all zeros: it might be because of a missing initialization
1: WARNING 26-09-09 18:19:31.832393 - 0:00:33 - Model parameter decoder.layers.2.attn.to_out.weight is all zeros: it might be because of a missing initialization
1: WARNING 26-09-09 18:19:31.832393 - 0:00:33 - Model parameter decoder.layers.2.attn.to_out.weight is all zeros: it might be because of a missing initialization
1: WARNING 26-09-09 18:19:31.832733 - 0:00:33 - Model parameter decoder.layers.2.ff.net.0.weight is all zeros: it might be because of a missing initialization
1: WARNING 26-09-09 18:19:31.832733 - 0:00:33 - Model parameter decoder.layers.2.ff.net.0.weight is all zeros: it might be because of a missing initialization
1: WARNING 26-09-09 18:19:31.833092 - 0:00:33 - Model parameter decoder.layers.2.ff.net.1.weight is all zeros: it might be because of a missing initialization
1: WARNING 26-09-09 18:19:31.833092 - 0:00:33 - Model parameter decoder.layers.2.ff.net.1.weight is all zeros: it might be because of a missing initialization
1: WARNING 26-09-09 18:19:31.833449 - 0:00:33 - Model parameter decoder.layers.2.ff.net.3.weight is all zeros: it might be because of a missing initialization
1: WARNING 26-09-09 18:19:31.833449 - 0:00:33 - Model parameter decoder.layers.2.ff.net.3.weight is all zeros: it might be because of a missing initialization
1: WARNING 26-09-09 18:19:31.833773 - 0:00:33 - Model parameter decoder.layers.3.attn.norm.weight is all zeros: it might be because of a missing initialization
1: WARNING 26-09-09 18:19:31.833773 - 0:00:33 - Model parameter decoder.layers.3.attn.norm.weight is all zeros: it might be because of a missing initialization
1: WARNING 26-09-09 18:19:31.834146 - 0:00:33 - Model parameter decoder.layers.3.attn.to_qkv.weight is all zeros: it might be because of a missing initialization
1: WARNING 26-09-09 18:19:31.834146 - 0:00:33 - Model parameter decoder.layers.3.attn.to_qkv.weight is all zeros: it might be because of a missing initialization
1: WARNING 26-09-09 18:19:31.834519 - 0:00:33 - Model parameter decoder.layers.3.attn.to_out.weight is all zeros: it might be because of a missing initialization
0: WARNING 26-09-09 18:19:31.834743 - 0:00:33 - Model parameter encoder.transformer.layers.1.attn.to_qkv.weight is all zeros: it might be because of a missing initialization
1: WARNING 26-09-09 18:19:31.834519 - 0:00:33 - Model parameter decoder.layers.3.attn.to_out.weight is all zeros: it might be because of a missing initialization
0: WARNING 26-09-09 18:19:31.834743 - 0:00:33 - Model parameter encoder.transformer.layers.1.attn.to_qkv.weight is all zeros: it might be because of a missing initialization
1: WARNING 26-09-09 18:19:31.837943 - 0:00:33 - Model parameter decoder.layers.3.ff.net.0.weight is all zeros: it might be because of a missing initialization
1: WARNING 26-09-09 18:19:31.837943 - 0:00:33 - Model parameter decoder.layers.3.ff.net.0.weight is all zeros: it might be because of a missing initialization
1: WARNING 26-09-09 18:19:31.838326 - 0:00:33 - Model parameter decoder.layers.3.ff.net.1.weight is all zeros: it might be because of a missing initialization
1: WARNING 26-09-09 18:19:31.838326 - 0:00:33 - Model parameter decoder.layers.3.ff.net.1.weight is all zeros: it might be because of a missing initialization
1: WARNING 26-09-09 18:19:31.838706 - 0:00:33 - Model parameter decoder.layers.3.ff.net.3.weight is all zeros: it might be because of a missing initialization
1: WARNING 26-09-09 18:19:31.838706 - 0:00:33 - Model parameter decoder.layers.3.ff.net.3.weight is all zeros: it might be because of a missing initialization
1: WARNING 26-09-09 18:19:31.839029 - 0:00:33 - Model parameter decoder.layers.4.attn.norm.weight is all zeros: it might be because of a missing initialization
1: WARNING 26-09-09 18:19:31.839029 - 0:00:33 - Model parameter decoder.layers.4.attn.norm.weight is all zeros: it might be because of a missing initialization
1: WARNING 26-09-09 18:19:31.839390 - 0:00:33 - Model parameter decoder.layers.4.attn.to_qkv.weight is all zeros: it might be because of a missing initialization
1: WARNING 26-09-09 18:19:31.839390 - 0:00:33 - Model parameter decoder.layers.4.attn.to_qkv.weight is all zeros: it might be because of a missing initialization
1: WARNING 26-09-09 18:19:31.839770 - 0:00:33 - Model parameter decoder.layers.4.attn.to_out.weight is all zeros: it might be because of a missing initialization
1: WARNING 26-09-09 18:19:31.839770 - 0:00:33 - Model parameter decoder.layers.4.attn.to_out.weight is all zeros: it might be because of a missing initialization
1: WARNING 26-09-09 18:19:31.840097 - 0:00:33 - Model parameter decoder.layers.4.ff.net.0.weight is all zeros: it might be because of a missing initialization
1: WARNING 26-09-09 18:19:31.840097 - 0:00:33 - Model parameter decoder.layers.4.ff.net.0.weight is all zeros: it might be because of a missing initialization
1: WARNING 26-09-09 18:19:31.840467 - 0:00:33 - Model parameter decoder.layers.4.ff.net.1.weight is all zeros: it might be because of a missing initialization
0: WARNING 26-09-09 18:19:31.840707 - 0:00:33 - Model parameter encoder.transformer.layers.1.attn.to_out.weight is all zeros: it might be because of a missing initialization
1: WARNING 26-09-09 18:19:31.840467 - 0:00:33 - Model parameter decoder.layers.4.ff.net.1.weight is all zeros: it might be because of a missing initialization
0: WARNING 26-09-09 18:19:31.840707 - 0:00:33 - Model parameter encoder.transformer.layers.1.attn.to_out.weight is all zeros: it might be because of a missing initialization
1: WARNING 26-09-09 18:19:31.854480 - 0:00:33 - Model parameter decoder.layers.4.ff.net.3.weight is all zeros: it might be because of a missing initialization
1: WARNING 26-09-09 18:19:31.854480 - 0:00:33 - Model parameter decoder.layers.4.ff.net.3.weight is all zeros: it might be because of a missing initialization
1: WARNING 26-09-09 18:19:31.854811 - 0:00:33 - Model parameter decoder.layers.5.attn.norm.weight is all zeros: it might be because of a missing initialization
1: WARNING 26-09-09 18:19:31.854811 - 0:00:33 - Model parameter decoder.layers.5.attn.norm.weight is all zeros: it might be because of a missing initialization
1: WARNING 26-09-09 18:19:31.855178 - 0:00:33 - Model parameter decoder.layers.5.attn.to_qkv.weight is all zeros: it might be because of a missing initialization
1: WARNING 26-09-09 18:19:31.855178 - 0:00:33 - Model parameter decoder.layers.5.attn.to_qkv.weight is all zeros: it might be because of a missing initialization
1: WARNING 26-09-09 18:19:31.855548 - 0:00:33 - Model parameter decoder.layers.5.attn.to_out.weight is all zeros: it might be because of a missing initialization
1: WARNING 26-09-09 18:19:31.855548 - 0:00:33 - Model parameter decoder.layers.5.attn.to_out.weight is all zeros: it might be because of a missing initialization
1: WARNING 26-09-09 18:19:31.855860 - 0:00:33 - Model parameter decoder.layers.5.ff.net.0.weight is all zeros: it might be because of a missing initialization
1: WARNING 26-09-09 18:19:31.855860 - 0:00:33 - Model parameter decoder.layers.5.ff.net.0.weight is all zeros: it might be because of a missing initialization
1: WARNING 26-09-09 18:19:31.856213 - 0:00:33 - Model parameter decoder.layers.5.ff.net.1.weight is all zeros: it might be because of a missing initialization
1: WARNING 26-09-09 18:19:31.856213 - 0:00:33 - Model parameter decoder.layers.5.ff.net.1.weight is all zeros: it might be because of a missing initialization
1: WARNING 26-09-09 18:19:31.856576 - 0:00:33 - Model parameter decoder.layers.5.ff.net.3.weight is all zeros: it might be because of a missing initialization
1: WARNING 26-09-09 18:19:31.856576 - 0:00:33 - Model parameter decoder.layers.5.ff.net.3.weight is all zeros: it might be because of a missing initialization
1: WARNING 26-09-09 18:19:31.856886 - 0:00:33 - Model parameter decoder.layers.6.attn.norm.weight is all zeros: it might be because of a missing initialization
1: WARNING 26-09-09 18:19:31.856886 - 0:00:33 - Model parameter decoder.layers.6.attn.norm.weight is all zeros: it might be because of a missing initialization
1: WARNING 26-09-09 18:19:31.857239 - 0:00:33 - Model parameter decoder.layers.6.attn.to_qkv.weight is all zeros: it might be because of a missing initialization
1: WARNING 26-09-09 18:19:31.857239 - 0:00:33 - Model parameter decoder.layers.6.attn.to_qkv.weight is all zeros: it might be because of a missing initialization
1: WARNING 26-09-09 18:19:31.857602 - 0:00:33 - Model parameter decoder.layers.6.attn.to_out.weight is all zeros: it might be because of a missing initialization
1: WARNING 26-09-09 18:19:31.857602 - 0:00:33 - Model parameter decoder.layers.6.attn.to_out.weight is all zeros: it might be because of a missing initialization
1: WARNING 26-09-09 18:19:31.857914 - 0:00:33 - Model parameter decoder.layers.6.ff.net.0.weight is all zeros: it might be because of a missing initialization
1: WARNING 26-09-09 18:19:31.857914 - 0:00:33 - Model parameter decoder.layers.6.ff.net.0.weight is all zeros: it might be because of a missing initialization
1: WARNING 26-09-09 18:19:31.858296 - 0:00:33 - Model parameter decoder.layers.6.ff.net.1.weight is all zeros: it might be because of a missing initialization
1: WARNING 26-09-09 18:19:31.858296 - 0:00:33 - Model parameter decoder.layers.6.ff.net.1.weight is all zeros: it might be because of a missing initialization
1: WARNING 26-09-09 18:19:31.858668 - 0:00:33 - Model parameter decoder.layers.6.ff.net.3.weight is all zeros: it might be because of a missing initialization
1: WARNING 26-09-09 18:19:31.858668 - 0:00:33 - Model parameter decoder.layers.6.ff.net.3.weight is all zeros: it might be because of a missing initialization
1: WARNING 26-09-09 18:19:31.858991 - 0:00:33 - Model parameter decoder.layers.7.attn.norm.weight is all zeros: it might be because of a missing initialization
1: WARNING 26-09-09 18:19:31.858991 - 0:00:33 - Model parameter decoder.layers.7.attn.norm.weight is all zeros: it might be because of a missing initialization
1: WARNING 26-09-09 18:19:31.859351 - 0:00:33 - Model parameter decoder.layers.7.attn.to_qkv.weight is all zeros: it might be because of a missing initialization
1: WARNING 26-09-09 18:19:31.859351 - 0:00:33 - Model parameter decoder.layers.7.attn.to_qkv.weight is all zeros: it might be because of a missing initialization
1: WARNING 26-09-09 18:19:31.859722 - 0:00:33 - Model parameter decoder.layers.7.attn.to_out.weight is all zeros: it might be because of a missing initialization
1: WARNING 26-09-09 18:19:31.859722 - 0:00:33 - Model parameter decoder.layers.7.attn.to_out.weight is all zeros: it might be because of a missing initialization
1: WARNING 26-09-09 18:19:31.860042 - 0:00:33 - Model parameter decoder.layers.7.ff.net.0.weight is all zeros: it might be because of a missing initialization
1: WARNING 26-09-09 18:19:31.860042 - 0:00:33 - Model parameter decoder.layers.7.ff.net.0.weight is all zeros: it might be because of a missing initialization
1: WARNING 26-09-09 18:19:31.860398 - 0:00:33 - Model parameter decoder.layers.7.ff.net.1.weight is all zeros: it might be because of a missing initialization
1: WARNING 26-09-09 18:19:31.860398 - 0:00:33 - Model parameter decoder.layers.7.ff.net.1.weight is all zeros: it might be because of a missing initialization
1: WARNING 26-09-09 18:19:31.860776 - 0:00:33 - Model parameter decoder.layers.7.ff.net.3.weight is all zeros: it might be because of a missing initialization
1: WARNING 26-09-09 18:19:31.860776 - 0:00:33 - Model parameter decoder.layers.7.ff.net.3.weight is all zeros: it might be because of a missing initialization
1: WARNING 26-09-09 18:19:31.861228 - 0:00:33 - Model parameter to_pixels.weight is all zeros: it might be because of a missing initialization
1: WARNING 26-09-09 18:19:31.861228 - 0:00:33 - Model parameter to_pixels.weight is all zeros: it might be because of a missing initialization
1: WARNING 26-09-09 18:19:31.861545 - 0:00:33 - Model parameter to_pixels.bias is all zeros: it might be because of a missing initialization
1: WARNING 26-09-09 18:19:31.861545 - 0:00:33 - Model parameter to_pixels.bias is all zeros: it might be because of a missing initialization
1: WARNING 26-09-09 18:19:31.861926 - 0:00:33 - Model parameter cls_to_pixels.0.weight is all zeros: it might be because of a missing initialization
1: WARNING 26-09-09 18:19:31.861926 - 0:00:33 - Model parameter cls_to_pixels.0.weight is all zeros: it might be because of a missing initialization
1: WARNING 26-09-09 18:19:31.862314 - 0:00:33 - Model parameter cls_to_pixels.2.weight is all zeros: it might be because of a missing initialization
0: WARNING 26-09-09 18:19:31.862515 - 0:00:33 - Model parameter encoder.transformer.layers.1.ff.net.0.weight is all zeros: it might be because of a missing initialization
1: WARNING 26-09-09 18:19:31.862314 - 0:00:33 - Model parameter cls_to_pixels.2.weight is all zeros: it might be because of a missing initialization
0: WARNING 26-09-09 18:19:31.862515 - 0:00:33 - Model parameter encoder.transformer.layers.1.ff.net.0.weight is all zeros: it might be because of a missing initialization
1: WARNING 26-09-09 18:19:31.865632 - 0:00:33 - Model parameter cls_to_pixels.2.bias is all zeros: it might be because of a missing initialization
1: WARNING 26-09-09 18:19:31.865632 - 0:00:33 - Model parameter cls_to_pixels.2.bias is all zeros: it might be because of a missing initialization
1: INFO    26-09-09 18:19:31.866125 - 0:00:33 - Model size: 95,871,888 total parameters
1: INFO    26-09-09 18:19:31.866542 - 0:00:33 - GPU capacity: NVIDIA A800-SXM4-80GB (1) with 79.32GiB memory
1: INFO    26-09-09 18:19:31.866813 - 0:00:33 - GPU memory usage: NVIDIA A800-SXM4-80GB (1): 79.31817626953125 GiB capacity, 0.384765625 GiB peak, 0.48509136631246685% peak
1: INFO    26-09-09 18:19:31.866866 - 0:00:33 - Starting build of optimizer...
1: INFO    26-09-09 18:19:31.867764 - 0:00:33 - Done with build of optimizer.
1: INFO    26-09-09 18:19:31.867830 - 0:00:33 - Building EEG DataLoader
0: WARNING 26-09-09 18:19:31.874537 - 0:00:33 - Model parameter encoder.transformer.layers.1.ff.net.1.weight is all zeros: it might be because of a missing initialization
0: WARNING 26-09-09 18:19:31.874537 - 0:00:33 - Model parameter encoder.transformer.layers.1.ff.net.1.weight is all zeros: it might be because of a missing initialization
0: WARNING 26-09-09 18:19:31.884795 - 0:00:33 - Model parameter encoder.transformer.layers.1.ff.net.3.weight is all zeros: it might be because of a missing initialization
0: WARNING 26-09-09 18:19:31.884795 - 0:00:33 - Model parameter encoder.transformer.layers.1.ff.net.3.weight is all zeros: it might be because of a missing initialization
0: WARNING 26-09-09 18:19:31.891998 - 0:00:33 - Model parameter encoder.transformer.layers.2.attn.norm.weight is all zeros: it might be because of a missing initialization
0: WARNING 26-09-09 18:19:31.891998 - 0:00:33 - Model parameter encoder.transformer.layers.2.attn.norm.weight is all zeros: it might be because of a missing initialization
0: WARNING 26-09-09 18:19:31.897660 - 0:00:33 - Model parameter encoder.transformer.layers.2.attn.to_qkv.weight is all zeros: it might be because of a missing initialization
0: WARNING 26-09-09 18:19:31.897660 - 0:00:33 - Model parameter encoder.transformer.layers.2.attn.to_qkv.weight is all zeros: it might be because of a missing initialization
0: WARNING 26-09-09 18:19:31.903903 - 0:00:33 - Model parameter encoder.transformer.layers.2.attn.to_out.weight is all zeros: it might be because of a missing initialization
0: WARNING 26-09-09 18:19:31.903903 - 0:00:33 - Model parameter encoder.transformer.layers.2.attn.to_out.weight is all zeros: it might be because of a missing initialization
0: WARNING 26-09-09 18:19:31.910227 - 0:00:33 - Model parameter encoder.transformer.layers.2.ff.net.0.weight is all zeros: it might be because of a missing initialization
0: WARNING 26-09-09 18:19:31.910227 - 0:00:33 - Model parameter encoder.transformer.layers.2.ff.net.0.weight is all zeros: it might be because of a missing initialization
0: WARNING 26-09-09 18:19:31.915653 - 0:00:33 - Model parameter encoder.transformer.layers.2.ff.net.1.weight is all zeros: it might be because of a missing initialization
0: WARNING 26-09-09 18:19:31.915653 - 0:00:33 - Model parameter encoder.transformer.layers.2.ff.net.1.weight is all zeros: it might be because of a missing initialization
0: WARNING 26-09-09 18:19:32.011312 - 0:00:33 - Model parameter encoder.transformer.layers.2.ff.net.3.weight is all zeros: it might be because of a missing initialization
0: WARNING 26-09-09 18:19:32.011312 - 0:00:33 - Model parameter encoder.transformer.layers.2.ff.net.3.weight is all zeros: it might be because of a missing initialization
0: WARNING 26-09-09 18:19:32.020835 - 0:00:33 - Model parameter encoder.transformer.layers.3.attn.norm.weight is all zeros: it might be because of a missing initialization
0: WARNING 26-09-09 18:19:32.020835 - 0:00:33 - Model parameter encoder.transformer.layers.3.attn.norm.weight is all zeros: it might be because of a missing initialization
0: WARNING 26-09-09 18:19:32.042846 - 0:00:33 - Model parameter encoder.transformer.layers.3.attn.to_qkv.weight is all zeros: it might be because of a missing initialization
0: WARNING 26-09-09 18:19:32.042846 - 0:00:33 - Model parameter encoder.transformer.layers.3.attn.to_qkv.weight is all zeros: it might be because of a missing initialization
0: WARNING 26-09-09 18:19:32.064511 - 0:00:33 - Model parameter encoder.transformer.layers.3.attn.to_out.weight is all zeros: it might be because of a missing initialization
0: WARNING 26-09-09 18:19:32.064511 - 0:00:33 - Model parameter encoder.transformer.layers.3.attn.to_out.weight is all zeros: it might be because of a missing initialization
0: WARNING 26-09-09 18:19:32.070718 - 0:00:33 - Model parameter encoder.transformer.layers.3.ff.net.0.weight is all zeros: it might be because of a missing initialization
0: WARNING 26-09-09 18:19:32.070718 - 0:00:33 - Model parameter encoder.transformer.layers.3.ff.net.0.weight is all zeros: it might be because of a missing initialization
0: WARNING 26-09-09 18:19:32.076046 - 0:00:33 - Model parameter encoder.transformer.layers.3.ff.net.1.weight is all zeros: it might be because of a missing initialization
0: WARNING 26-09-09 18:19:32.076046 - 0:00:33 - Model parameter encoder.transformer.layers.3.ff.net.1.weight is all zeros: it might be because of a missing initialization
0: WARNING 26-09-09 18:19:32.082102 - 0:00:33 - Model parameter encoder.transformer.layers.3.ff.net.3.weight is all zeros: it might be because of a missing initialization
0: WARNING 26-09-09 18:19:32.082102 - 0:00:33 - Model parameter encoder.transformer.layers.3.ff.net.3.weight is all zeros: it might be because of a missing initialization
0: WARNING 26-09-09 18:19:32.088065 - 0:00:33 - Model parameter encoder.transformer.layers.4.attn.norm.weight is all zeros: it might be because of a missing initialization
0: WARNING 26-09-09 18:19:32.088065 - 0:00:33 - Model parameter encoder.transformer.layers.4.attn.norm.weight is all zeros: it might be because of a missing initialization
0: WARNING 26-09-09 18:19:32.096799 - 0:00:33 - Model parameter encoder.transformer.layers.4.attn.to_qkv.weight is all zeros: it might be because of a missing initialization
0: WARNING 26-09-09 18:19:32.096799 - 0:00:33 - Model parameter encoder.transformer.layers.4.attn.to_qkv.weight is all zeros: it might be because of a missing initialization
0: WARNING 26-09-09 18:19:32.103733 - 0:00:33 - Model parameter encoder.transformer.layers.4.attn.to_out.weight is all zeros: it might be because of a missing initialization
0: WARNING 26-09-09 18:19:32.103733 - 0:00:33 - Model parameter encoder.transformer.layers.4.attn.to_out.weight is all zeros: it might be because of a missing initialization
0: WARNING 26-09-09 18:19:32.109538 - 0:00:33 - Model parameter encoder.transformer.layers.4.ff.net.0.weight is all zeros: it might be because of a missing initialization
0: WARNING 26-09-09 18:19:32.109538 - 0:00:33 - Model parameter encoder.transformer.layers.4.ff.net.0.weight is all zeros: it might be because of a missing initialization
0: WARNING 26-09-09 18:19:32.112072 - 0:00:33 - Model parameter encoder.transformer.layers.4.ff.net.1.weight is all zeros: it might be because of a missing initialization
0: WARNING 26-09-09 18:19:32.112072 - 0:00:33 - Model parameter encoder.transformer.layers.4.ff.net.1.weight is all zeros: it might be because of a missing initialization
0: WARNING 26-09-09 18:19:32.117338 - 0:00:33 - Model parameter encoder.transformer.layers.4.ff.net.3.weight is all zeros: it might be because of a missing initialization
0: WARNING 26-09-09 18:19:32.117338 - 0:00:33 - Model parameter encoder.transformer.layers.4.ff.net.3.weight is all zeros: it might be because of a missing initialization
0: WARNING 26-09-09 18:19:32.123412 - 0:00:33 - Model parameter encoder.transformer.layers.5.attn.norm.weight is all zeros: it might be because of a missing initialization
0: WARNING 26-09-09 18:19:32.123412 - 0:00:33 - Model parameter encoder.transformer.layers.5.attn.norm.weight is all zeros: it might be because of a missing initialization
0: WARNING 26-09-09 18:19:32.128908 - 0:00:33 - Model parameter encoder.transformer.layers.5.attn.to_qkv.weight is all zeros: it might be because of a missing initialization
0: WARNING 26-09-09 18:19:32.128908 - 0:00:33 - Model parameter encoder.transformer.layers.5.attn.to_qkv.weight is all zeros: it might be because of a missing initialization
0: WARNING 26-09-09 18:19:32.134534 - 0:00:33 - Model parameter encoder.transformer.layers.5.attn.to_out.weight is all zeros: it might be because of a missing initialization
0: WARNING 26-09-09 18:19:32.134534 - 0:00:33 - Model parameter encoder.transformer.layers.5.attn.to_out.weight is all zeros: it might be because of a missing initialization
0: WARNING 26-09-09 18:19:32.143391 - 0:00:33 - Model parameter encoder.transformer.layers.5.ff.net.0.weight is all zeros: it might be because of a missing initialization
0: WARNING 26-09-09 18:19:32.143391 - 0:00:33 - Model parameter encoder.transformer.layers.5.ff.net.0.weight is all zeros: it might be because of a missing initialization
0: WARNING 26-09-09 18:19:32.151356 - 0:00:33 - Model parameter encoder.transformer.layers.5.ff.net.1.weight is all zeros: it might be because of a missing initialization
0: WARNING 26-09-09 18:19:32.151356 - 0:00:33 - Model parameter encoder.transformer.layers.5.ff.net.1.weight is all zeros: it might be because of a missing initialization
0: WARNING 26-09-09 18:19:32.157466 - 0:00:33 - Model parameter encoder.transformer.layers.5.ff.net.3.weight is all zeros: it might be because of a missing initialization
0: WARNING 26-09-09 18:19:32.157466 - 0:00:33 - Model parameter encoder.transformer.layers.5.ff.net.3.weight is all zeros: it might be because of a missing initialization
0: WARNING 26-09-09 18:19:32.172001 - 0:00:33 - Model parameter encoder.transformer.layers.6.attn.norm.weight is all zeros: it might be because of a missing initialization
0: WARNING 26-09-09 18:19:32.172001 - 0:00:33 - Model parameter encoder.transformer.layers.6.attn.norm.weight is all zeros: it might be because of a missing initialization
0: WARNING 26-09-09 18:19:32.177838 - 0:00:33 - Model parameter encoder.transformer.layers.6.attn.to_qkv.weight is all zeros: it might be because of a missing initialization
0: WARNING 26-09-09 18:19:32.177838 - 0:00:33 - Model parameter encoder.transformer.layers.6.attn.to_qkv.weight is all zeros: it might be because of a missing initialization
0: WARNING 26-09-09 18:19:32.190883 - 0:00:33 - Model parameter encoder.transformer.layers.6.attn.to_out.weight is all zeros: it might be because of a missing initialization
0: WARNING 26-09-09 18:19:32.190883 - 0:00:33 - Model parameter encoder.transformer.layers.6.attn.to_out.weight is all zeros: it might be because of a missing initialization
0: WARNING 26-09-09 18:19:32.244914 - 0:00:33 - Model parameter encoder.transformer.layers.6.ff.net.0.weight is all zeros: it might be because of a missing initialization
0: WARNING 26-09-09 18:19:32.244914 - 0:00:33 - Model parameter encoder.transformer.layers.6.ff.net.0.weight is all zeros: it might be because of a missing initialization
0: WARNING 26-09-09 18:19:32.251656 - 0:00:33 - Model parameter encoder.transformer.layers.6.ff.net.1.weight is all zeros: it might be because of a missing initialization
0: WARNING 26-09-09 18:19:32.251656 - 0:00:33 - Model parameter encoder.transformer.layers.6.ff.net.1.weight is all zeros: it might be because of a missing initialization
0: WARNING 26-09-09 18:19:32.264413 - 0:00:33 - Model parameter encoder.transformer.layers.6.ff.net.3.weight is all zeros: it might be because of a missing initialization
0: WARNING 26-09-09 18:19:32.264413 - 0:00:33 - Model parameter encoder.transformer.layers.6.ff.net.3.weight is all zeros: it might be because of a missing initialization
0: WARNING 26-09-09 18:19:32.270515 - 0:00:33 - Model parameter encoder.transformer.layers.7.attn.norm.weight is all zeros: it might be because of a missing initialization
0: WARNING 26-09-09 18:19:32.270515 - 0:00:33 - Model parameter encoder.transformer.layers.7.attn.norm.weight is all zeros: it might be because of a missing initialization
0: WARNING 26-09-09 18:19:32.277612 - 0:00:33 - Model parameter encoder.transformer.layers.7.attn.to_qkv.weight is all zeros: it might be because of a missing initialization
0: WARNING 26-09-09 18:19:32.277612 - 0:00:33 - Model parameter encoder.transformer.layers.7.attn.to_qkv.weight is all zeros: it might be because of a missing initialization
0: WARNING 26-09-09 18:19:32.282747 - 0:00:33 - Model parameter encoder.transformer.layers.7.attn.to_out.weight is all zeros: it might be because of a missing initialization
0: WARNING 26-09-09 18:19:32.282747 - 0:00:33 - Model parameter encoder.transformer.layers.7.attn.to_out.weight is all zeros: it might be because of a missing initialization
0: WARNING 26-09-09 18:19:32.290724 - 0:00:33 - Model parameter encoder.transformer.layers.7.ff.net.0.weight is all zeros: it might be because of a missing initialization
0: WARNING 26-09-09 18:19:32.290724 - 0:00:33 - Model parameter encoder.transformer.layers.7.ff.net.0.weight is all zeros: it might be because of a missing initialization
0: WARNING 26-09-09 18:19:32.297470 - 0:00:33 - Model parameter encoder.transformer.layers.7.ff.net.1.weight is all zeros: it might be because of a missing initialization
0: WARNING 26-09-09 18:19:32.297470 - 0:00:33 - Model parameter encoder.transformer.layers.7.ff.net.1.weight is all zeros: it might be because of a missing initialization
0: WARNING 26-09-09 18:19:32.309062 - 0:00:33 - Model parameter encoder.transformer.layers.7.ff.net.3.weight is all zeros: it might be because of a missing initialization
0: WARNING 26-09-09 18:19:32.309062 - 0:00:33 - Model parameter encoder.transformer.layers.7.ff.net.3.weight is all zeros: it might be because of a missing initialization
0: WARNING 26-09-09 18:19:32.315306 - 0:00:33 - Model parameter encoder.transformer.layers.8.attn.norm.weight is all zeros: it might be because of a missing initialization
0: WARNING 26-09-09 18:19:32.315306 - 0:00:33 - Model parameter encoder.transformer.layers.8.attn.norm.weight is all zeros: it might be because of a missing initialization
0: WARNING 26-09-09 18:19:32.320971 - 0:00:33 - Model parameter encoder.transformer.layers.8.attn.to_qkv.weight is all zeros: it might be because of a missing initialization
0: WARNING 26-09-09 18:19:32.320971 - 0:00:33 - Model parameter encoder.transformer.layers.8.attn.to_qkv.weight is all zeros: it might be because of a missing initialization
0: WARNING 26-09-09 18:19:32.341565 - 0:00:33 - Model parameter encoder.transformer.layers.8.attn.to_out.weight is all zeros: it might be because of a missing initialization
0: WARNING 26-09-09 18:19:32.341565 - 0:00:33 - Model parameter encoder.transformer.layers.8.attn.to_out.weight is all zeros: it might be because of a missing initialization
0: WARNING 26-09-09 18:19:32.348131 - 0:00:33 - Model parameter encoder.transformer.layers.8.ff.net.0.weight is all zeros: it might be because of a missing initialization
0: WARNING 26-09-09 18:19:32.348131 - 0:00:33 - Model parameter encoder.transformer.layers.8.ff.net.0.weight is all zeros: it might be because of a missing initialization
0: WARNING 26-09-09 18:19:32.354873 - 0:00:33 - Model parameter encoder.transformer.layers.8.ff.net.1.weight is all zeros: it might be because of a missing initialization
0: WARNING 26-09-09 18:19:32.354873 - 0:00:33 - Model parameter encoder.transformer.layers.8.ff.net.1.weight is all zeros: it might be because of a missing initialization
0: WARNING 26-09-09 18:19:32.361234 - 0:00:33 - Model parameter encoder.transformer.layers.8.ff.net.3.weight is all zeros: it might be because of a missing initialization
0: WARNING 26-09-09 18:19:32.361234 - 0:00:33 - Model parameter encoder.transformer.layers.8.ff.net.3.weight is all zeros: it might be because of a missing initialization
0: WARNING 26-09-09 18:19:32.366927 - 0:00:33 - Model parameter encoder.transformer.layers.9.attn.norm.weight is all zeros: it might be because of a missing initialization
0: WARNING 26-09-09 18:19:32.366927 - 0:00:33 - Model parameter encoder.transformer.layers.9.attn.norm.weight is all zeros: it might be because of a missing initialization
0: WARNING 26-09-09 18:19:32.380021 - 0:00:33 - Model parameter encoder.transformer.layers.9.attn.to_qkv.weight is all zeros: it might be because of a missing initialization
0: WARNING 26-09-09 18:19:32.380021 - 0:00:33 - Model parameter encoder.transformer.layers.9.attn.to_qkv.weight is all zeros: it might be because of a missing initialization
0: WARNING 26-09-09 18:19:32.385590 - 0:00:33 - Model parameter encoder.transformer.layers.9.attn.to_out.weight is all zeros: it might be because of a missing initialization
0: WARNING 26-09-09 18:19:32.385590 - 0:00:33 - Model parameter encoder.transformer.layers.9.attn.to_out.weight is all zeros: it might be because of a missing initialization
0: WARNING 26-09-09 18:19:32.391592 - 0:00:33 - Model parameter encoder.transformer.layers.9.ff.net.0.weight is all zeros: it might be because of a missing initialization
0: WARNING 26-09-09 18:19:32.391592 - 0:00:33 - Model parameter encoder.transformer.layers.9.ff.net.0.weight is all zeros: it might be because of a missing initialization
0: WARNING 26-09-09 18:19:32.398528 - 0:00:33 - Model parameter encoder.transformer.layers.9.ff.net.1.weight is all zeros: it might be because of a missing initialization
0: WARNING 26-09-09 18:19:32.398528 - 0:00:33 - Model parameter encoder.transformer.layers.9.ff.net.1.weight is all zeros: it might be because of a missing initialization
0: WARNING 26-09-09 18:19:32.409072 - 0:00:33 - Model parameter encoder.transformer.layers.9.ff.net.3.weight is all zeros: it might be because of a missing initialization
0: WARNING 26-09-09 18:19:32.409072 - 0:00:33 - Model parameter encoder.transformer.layers.9.ff.net.3.weight is all zeros: it might be because of a missing initialization
0: WARNING 26-09-09 18:19:32.416653 - 0:00:33 - Model parameter encoder.transformer.layers.10.attn.norm.weight is all zeros: it might be because of a missing initialization
0: WARNING 26-09-09 18:19:32.416653 - 0:00:33 - Model parameter encoder.transformer.layers.10.attn.norm.weight is all zeros: it might be because of a missing initialization
0: WARNING 26-09-09 18:19:32.427043 - 0:00:33 - Model parameter encoder.transformer.layers.10.attn.to_qkv.weight is all zeros: it might be because of a missing initialization
0: WARNING 26-09-09 18:19:32.427043 - 0:00:33 - Model parameter encoder.transformer.layers.10.attn.to_qkv.weight is all zeros: it might be because of a missing initialization
0: WARNING 26-09-09 18:19:32.438565 - 0:00:33 - Model parameter encoder.transformer.layers.10.attn.to_out.weight is all zeros: it might be because of a missing initialization
0: WARNING 26-09-09 18:19:32.438565 - 0:00:33 - Model parameter encoder.transformer.layers.10.attn.to_out.weight is all zeros: it might be because of a missing initialization
0: WARNING 26-09-09 18:19:32.451791 - 0:00:33 - Model parameter encoder.transformer.layers.10.ff.net.0.weight is all zeros: it might be because of a missing initialization
0: WARNING 26-09-09 18:19:32.451791 - 0:00:33 - Model parameter encoder.transformer.layers.10.ff.net.0.weight is all zeros: it might be because of a missing initialization
0: WARNING 26-09-09 18:19:32.461487 - 0:00:33 - Model parameter encoder.transformer.layers.10.ff.net.1.weight is all zeros: it might be because of a missing initialization
0: WARNING 26-09-09 18:19:32.461487 - 0:00:33 - Model parameter encoder.transformer.layers.10.ff.net.1.weight is all zeros: it might be because of a missing initialization
0: WARNING 26-09-09 18:19:32.473818 - 0:00:33 - Model parameter encoder.transformer.layers.10.ff.net.3.weight is all zeros: it might be because of a missing initialization
0: WARNING 26-09-09 18:19:32.473818 - 0:00:33 - Model parameter encoder.transformer.layers.10.ff.net.3.weight is all zeros: it might be because of a missing initialization
0: WARNING 26-09-09 18:19:32.482559 - 0:00:33 - Model parameter encoder.transformer.layers.11.attn.norm.weight is all zeros: it might be because of a missing initialization
0: WARNING 26-09-09 18:19:32.482559 - 0:00:33 - Model parameter encoder.transformer.layers.11.attn.norm.weight is all zeros: it might be because of a missing initialization
0: WARNING 26-09-09 18:19:32.494350 - 0:00:33 - Model parameter encoder.transformer.layers.11.attn.to_qkv.weight is all zeros: it might be because of a missing initialization
0: WARNING 26-09-09 18:19:32.494350 - 0:00:33 - Model parameter encoder.transformer.layers.11.attn.to_qkv.weight is all zeros: it might be because of a missing initialization
0: WARNING 26-09-09 18:19:32.503790 - 0:00:33 - Model parameter encoder.transformer.layers.11.attn.to_out.weight is all zeros: it might be because of a missing initialization
0: WARNING 26-09-09 18:19:32.503790 - 0:00:33 - Model parameter encoder.transformer.layers.11.attn.to_out.weight is all zeros: it might be because of a missing initialization
0: WARNING 26-09-09 18:19:32.509456 - 0:00:33 - Model parameter encoder.transformer.layers.11.ff.net.0.weight is all zeros: it might be because of a missing initialization
0: WARNING 26-09-09 18:19:32.509456 - 0:00:33 - Model parameter encoder.transformer.layers.11.ff.net.0.weight is all zeros: it might be because of a missing initialization
0: WARNING 26-09-09 18:19:32.529119 - 0:00:33 - Model parameter encoder.transformer.layers.11.ff.net.1.weight is all zeros: it might be because of a missing initialization
0: WARNING 26-09-09 18:19:32.529119 - 0:00:33 - Model parameter encoder.transformer.layers.11.ff.net.1.weight is all zeros: it might be because of a missing initialization
0: WARNING 26-09-09 18:19:32.555934 - 0:00:33 - Model parameter encoder.transformer.layers.11.ff.net.3.weight is all zeros: it might be because of a missing initialization
0: WARNING 26-09-09 18:19:32.555934 - 0:00:33 - Model parameter encoder.transformer.layers.11.ff.net.3.weight is all zeros: it might be because of a missing initialization
0: WARNING 26-09-09 18:19:32.572263 - 0:00:33 - Model parameter encoder.transformer.layers.12.attn.norm.weight is all zeros: it might be because of a missing initialization
0: WARNING 26-09-09 18:19:32.572263 - 0:00:33 - Model parameter encoder.transformer.layers.12.attn.norm.weight is all zeros: it might be because of a missing initialization
0: WARNING 26-09-09 18:19:32.592530 - 0:00:34 - Model parameter encoder.transformer.layers.12.attn.to_qkv.weight is all zeros: it might be because of a missing initialization
0: WARNING 26-09-09 18:19:32.592530 - 0:00:34 - Model parameter encoder.transformer.layers.12.attn.to_qkv.weight is all zeros: it might be because of a missing initialization
0: WARNING 26-09-09 18:19:32.599183 - 0:00:34 - Model parameter encoder.transformer.layers.12.attn.to_out.weight is all zeros: it might be because of a missing initialization
0: WARNING 26-09-09 18:19:32.599183 - 0:00:34 - Model parameter encoder.transformer.layers.12.attn.to_out.weight is all zeros: it might be because of a missing initialization
0: WARNING 26-09-09 18:19:32.615433 - 0:00:34 - Model parameter encoder.transformer.layers.12.ff.net.0.weight is all zeros: it might be because of a missing initialization
0: WARNING 26-09-09 18:19:32.615433 - 0:00:34 - Model parameter encoder.transformer.layers.12.ff.net.0.weight is all zeros: it might be because of a missing initialization
0: WARNING 26-09-09 18:19:32.634294 - 0:00:34 - Model parameter encoder.transformer.layers.12.ff.net.1.weight is all zeros: it might be because of a missing initialization
0: WARNING 26-09-09 18:19:32.634294 - 0:00:34 - Model parameter encoder.transformer.layers.12.ff.net.1.weight is all zeros: it might be because of a missing initialization
0: WARNING 26-09-09 18:19:32.639774 - 0:00:34 - Model parameter encoder.transformer.layers.12.ff.net.3.weight is all zeros: it might be because of a missing initialization
0: WARNING 26-09-09 18:19:32.639774 - 0:00:34 - Model parameter encoder.transformer.layers.12.ff.net.3.weight is all zeros: it might be because of a missing initialization
0: WARNING 26-09-09 18:19:32.647370 - 0:00:34 - Model parameter encoder.transformer.layers.13.attn.norm.weight is all zeros: it might be because of a missing initialization
0: WARNING 26-09-09 18:19:32.647370 - 0:00:34 - Model parameter encoder.transformer.layers.13.attn.norm.weight is all zeros: it might be because of a missing initialization
0: WARNING 26-09-09 18:19:32.654614 - 0:00:34 - Model parameter encoder.transformer.layers.13.attn.to_qkv.weight is all zeros: it might be because of a missing initialization
0: WARNING 26-09-09 18:19:32.654614 - 0:00:34 - Model parameter encoder.transformer.layers.13.attn.to_qkv.weight is all zeros: it might be because of a missing initialization
0: WARNING 26-09-09 18:19:32.675874 - 0:00:34 - Model parameter encoder.transformer.layers.13.attn.to_out.weight is all zeros: it might be because of a missing initialization
0: WARNING 26-09-09 18:19:32.675874 - 0:00:34 - Model parameter encoder.transformer.layers.13.attn.to_out.weight is all zeros: it might be because of a missing initialization
0: WARNING 26-09-09 18:19:32.700322 - 0:00:34 - Model parameter encoder.transformer.layers.13.ff.net.0.weight is all zeros: it might be because of a missing initialization
0: WARNING 26-09-09 18:19:32.700322 - 0:00:34 - Model parameter encoder.transformer.layers.13.ff.net.0.weight is all zeros: it might be because of a missing initialization
0: WARNING 26-09-09 18:19:32.706569 - 0:00:34 - Model parameter encoder.transformer.layers.13.ff.net.1.weight is all zeros: it might be because of a missing initialization
0: WARNING 26-09-09 18:19:32.706569 - 0:00:34 - Model parameter encoder.transformer.layers.13.ff.net.1.weight is all zeros: it might be because of a missing initialization
0: WARNING 26-09-09 18:19:32.713532 - 0:00:34 - Model parameter encoder.transformer.layers.13.ff.net.3.weight is all zeros: it might be because of a missing initialization
0: WARNING 26-09-09 18:19:32.713532 - 0:00:34 - Model parameter encoder.transformer.layers.13.ff.net.3.weight is all zeros: it might be because of a missing initialization
0: WARNING 26-09-09 18:19:32.720439 - 0:00:34 - Model parameter encoder.transformer.layers.14.attn.norm.weight is all zeros: it might be because of a missing initialization
0: WARNING 26-09-09 18:19:32.720439 - 0:00:34 - Model parameter encoder.transformer.layers.14.attn.norm.weight is all zeros: it might be because of a missing initialization
0: WARNING 26-09-09 18:19:32.725944 - 0:00:34 - Model parameter encoder.transformer.layers.14.attn.to_qkv.weight is all zeros: it might be because of a missing initialization
0: WARNING 26-09-09 18:19:32.725944 - 0:00:34 - Model parameter encoder.transformer.layers.14.attn.to_qkv.weight is all zeros: it might be because of a missing initialization
0: WARNING 26-09-09 18:19:32.731695 - 0:00:34 - Model parameter encoder.transformer.layers.14.attn.to_out.weight is all zeros: it might be because of a missing initialization
0: WARNING 26-09-09 18:19:32.731695 - 0:00:34 - Model parameter encoder.transformer.layers.14.attn.to_out.weight is all zeros: it might be because of a missing initialization
0: WARNING 26-09-09 18:19:32.739163 - 0:00:34 - Model parameter encoder.transformer.layers.14.ff.net.0.weight is all zeros: it might be because of a missing initialization
0: WARNING 26-09-09 18:19:32.739163 - 0:00:34 - Model parameter encoder.transformer.layers.14.ff.net.0.weight is all zeros: it might be because of a missing initialization
0: WARNING 26-09-09 18:19:32.745511 - 0:00:34 - Model parameter encoder.transformer.layers.14.ff.net.1.weight is all zeros: it might be because of a missing initialization
0: WARNING 26-09-09 18:19:32.745511 - 0:00:34 - Model parameter encoder.transformer.layers.14.ff.net.1.weight is all zeros: it might be because of a missing initialization
0: WARNING 26-09-09 18:19:32.751514 - 0:00:34 - Model parameter encoder.transformer.layers.14.ff.net.3.weight is all zeros: it might be because of a missing initialization
0: WARNING 26-09-09 18:19:32.751514 - 0:00:34 - Model parameter encoder.transformer.layers.14.ff.net.3.weight is all zeros: it might be because of a missing initialization
0: WARNING 26-09-09 18:19:32.758096 - 0:00:34 - Model parameter encoder.transformer.layers.15.attn.norm.weight is all zeros: it might be because of a missing initialization
0: WARNING 26-09-09 18:19:32.758096 - 0:00:34 - Model parameter encoder.transformer.layers.15.attn.norm.weight is all zeros: it might be because of a missing initialization
0: WARNING 26-09-09 18:19:32.764289 - 0:00:34 - Model parameter encoder.transformer.layers.15.attn.to_qkv.weight is all zeros: it might be because of a missing initialization
0: WARNING 26-09-09 18:19:32.764289 - 0:00:34 - Model parameter encoder.transformer.layers.15.attn.to_qkv.weight is all zeros: it might be because of a missing initialization
0: WARNING 26-09-09 18:19:32.770705 - 0:00:34 - Model parameter encoder.transformer.layers.15.attn.to_out.weight is all zeros: it might be because of a missing initialization
0: WARNING 26-09-09 18:19:32.770705 - 0:00:34 - Model parameter encoder.transformer.layers.15.attn.to_out.weight is all zeros: it might be because of a missing initialization
0: WARNING 26-09-09 18:19:32.789149 - 0:00:34 - Model parameter encoder.transformer.layers.15.ff.net.0.weight is all zeros: it might be because of a missing initialization
0: WARNING 26-09-09 18:19:32.789149 - 0:00:34 - Model parameter encoder.transformer.layers.15.ff.net.0.weight is all zeros: it might be because of a missing initialization
0: WARNING 26-09-09 18:19:32.795340 - 0:00:34 - Model parameter encoder.transformer.layers.15.ff.net.1.weight is all zeros: it might be because of a missing initialization
0: WARNING 26-09-09 18:19:32.795340 - 0:00:34 - Model parameter encoder.transformer.layers.15.ff.net.1.weight is all zeros: it might be because of a missing initialization
0: WARNING 26-09-09 18:19:32.807710 - 0:00:34 - Model parameter encoder.transformer.layers.15.ff.net.3.weight is all zeros: it might be because of a missing initialization
0: WARNING 26-09-09 18:19:32.807710 - 0:00:34 - Model parameter encoder.transformer.layers.15.ff.net.3.weight is all zeros: it might be because of a missing initialization
0: WARNING 26-09-09 18:19:32.853202 - 0:00:34 - Model parameter encoder.transformer.layers.16.attn.norm.weight is all zeros: it might be because of a missing initialization
0: WARNING 26-09-09 18:19:32.853202 - 0:00:34 - Model parameter encoder.transformer.layers.16.attn.norm.weight is all zeros: it might be because of a missing initialization
0: WARNING 26-09-09 18:19:32.859280 - 0:00:34 - Model parameter encoder.transformer.layers.16.attn.to_qkv.weight is all zeros: it might be because of a missing initialization
0: WARNING 26-09-09 18:19:32.859280 - 0:00:34 - Model parameter encoder.transformer.layers.16.attn.to_qkv.weight is all zeros: it might be because of a missing initialization
0: WARNING 26-09-09 18:19:32.864900 - 0:00:34 - Model parameter encoder.transformer.layers.16.attn.to_out.weight is all zeros: it might be because of a missing initialization
0: WARNING 26-09-09 18:19:32.864900 - 0:00:34 - Model parameter encoder.transformer.layers.16.attn.to_out.weight is all zeros: it might be because of a missing initialization
0: WARNING 26-09-09 18:19:32.870274 - 0:00:34 - Model parameter encoder.transformer.layers.16.ff.net.0.weight is all zeros: it might be because of a missing initialization
0: WARNING 26-09-09 18:19:32.870274 - 0:00:34 - Model parameter encoder.transformer.layers.16.ff.net.0.weight is all zeros: it might be because of a missing initialization
0: WARNING 26-09-09 18:19:32.878077 - 0:00:34 - Model parameter encoder.transformer.layers.16.ff.net.1.weight is all zeros: it might be because of a missing initialization
0: WARNING 26-09-09 18:19:32.878077 - 0:00:34 - Model parameter encoder.transformer.layers.16.ff.net.1.weight is all zeros: it might be because of a missing initialization
0: WARNING 26-09-09 18:19:32.885636 - 0:00:34 - Model parameter encoder.transformer.layers.16.ff.net.3.weight is all zeros: it might be because of a missing initialization
0: WARNING 26-09-09 18:19:32.885636 - 0:00:34 - Model parameter encoder.transformer.layers.16.ff.net.3.weight is all zeros: it might be because of a missing initialization
0: WARNING 26-09-09 18:19:32.891745 - 0:00:34 - Model parameter encoder.transformer.layers.17.attn.norm.weight is all zeros: it might be because of a missing initialization
0: WARNING 26-09-09 18:19:32.891745 - 0:00:34 - Model parameter encoder.transformer.layers.17.attn.norm.weight is all zeros: it might be because of a missing initialization
0: WARNING 26-09-09 18:19:32.924993 - 0:00:34 - Model parameter encoder.transformer.layers.17.attn.to_qkv.weight is all zeros: it might be because of a missing initialization
0: WARNING 26-09-09 18:19:32.924993 - 0:00:34 - Model parameter encoder.transformer.layers.17.attn.to_qkv.weight is all zeros: it might be because of a missing initialization
0: WARNING 26-09-09 18:19:32.936743 - 0:00:34 - Model parameter encoder.transformer.layers.17.attn.to_out.weight is all zeros: it might be because of a missing initialization
0: WARNING 26-09-09 18:19:32.936743 - 0:00:34 - Model parameter encoder.transformer.layers.17.attn.to_out.weight is all zeros: it might be because of a missing initialization
0: WARNING 26-09-09 18:19:32.947416 - 0:00:34 - Model parameter encoder.transformer.layers.17.ff.net.0.weight is all zeros: it might be because of a missing initialization
0: WARNING 26-09-09 18:19:32.947416 - 0:00:34 - Model parameter encoder.transformer.layers.17.ff.net.0.weight is all zeros: it might be because of a missing initialization
0: WARNING 26-09-09 18:19:32.956834 - 0:00:34 - Model parameter encoder.transformer.layers.17.ff.net.1.weight is all zeros: it might be because of a missing initialization
0: WARNING 26-09-09 18:19:32.956834 - 0:00:34 - Model parameter encoder.transformer.layers.17.ff.net.1.weight is all zeros: it might be because of a missing initialization
0: WARNING 26-09-09 18:19:32.962955 - 0:00:34 - Model parameter encoder.transformer.layers.17.ff.net.3.weight is all zeros: it might be because of a missing initialization
0: WARNING 26-09-09 18:19:32.962955 - 0:00:34 - Model parameter encoder.transformer.layers.17.ff.net.3.weight is all zeros: it might be because of a missing initialization
0: WARNING 26-09-09 18:19:32.968686 - 0:00:34 - Model parameter encoder.transformer.layers.18.attn.norm.weight is all zeros: it might be because of a missing initialization
0: WARNING 26-09-09 18:19:32.968686 - 0:00:34 - Model parameter encoder.transformer.layers.18.attn.norm.weight is all zeros: it might be because of a missing initialization
0: WARNING 26-09-09 18:19:32.974682 - 0:00:34 - Model parameter encoder.transformer.layers.18.attn.to_qkv.weight is all zeros: it might be because of a missing initialization
0: WARNING 26-09-09 18:19:32.974682 - 0:00:34 - Model parameter encoder.transformer.layers.18.attn.to_qkv.weight is all zeros: it might be because of a missing initialization
0: WARNING 26-09-09 18:19:32.981414 - 0:00:34 - Model parameter encoder.transformer.layers.18.attn.to_out.weight is all zeros: it might be because of a missing initialization
0: WARNING 26-09-09 18:19:32.981414 - 0:00:34 - Model parameter encoder.transformer.layers.18.attn.to_out.weight is all zeros: it might be because of a missing initialization
0: WARNING 26-09-09 18:19:32.988626 - 0:00:34 - Model parameter encoder.transformer.layers.18.ff.net.0.weight is all zeros: it might be because of a missing initialization
0: WARNING 26-09-09 18:19:32.988626 - 0:00:34 - Model parameter encoder.transformer.layers.18.ff.net.0.weight is all zeros: it might be because of a missing initialization
0: WARNING 26-09-09 18:19:32.996837 - 0:00:34 - Model parameter encoder.transformer.layers.18.ff.net.1.weight is all zeros: it might be because of a missing initialization
0: WARNING 26-09-09 18:19:32.996837 - 0:00:34 - Model parameter encoder.transformer.layers.18.ff.net.1.weight is all zeros: it might be because of a missing initialization
0: WARNING 26-09-09 18:19:33.012133 - 0:00:34 - Model parameter encoder.transformer.layers.18.ff.net.3.weight is all zeros: it might be because of a missing initialization
0: WARNING 26-09-09 18:19:33.012133 - 0:00:34 - Model parameter encoder.transformer.layers.18.ff.net.3.weight is all zeros: it might be because of a missing initialization
0: WARNING 26-09-09 18:19:33.019753 - 0:00:34 - Model parameter encoder.transformer.layers.19.attn.norm.weight is all zeros: it might be because of a missing initialization
0: WARNING 26-09-09 18:19:33.019753 - 0:00:34 - Model parameter encoder.transformer.layers.19.attn.norm.weight is all zeros: it might be because of a missing initialization
0: WARNING 26-09-09 18:19:33.029603 - 0:00:34 - Model parameter encoder.transformer.layers.19.attn.to_qkv.weight is all zeros: it might be because of a missing initialization
0: WARNING 26-09-09 18:19:33.029603 - 0:00:34 - Model parameter encoder.transformer.layers.19.attn.to_qkv.weight is all zeros: it might be because of a missing initialization
0: WARNING 26-09-09 18:19:33.038006 - 0:00:34 - Model parameter encoder.transformer.layers.19.attn.to_out.weight is all zeros: it might be because of a missing initialization
0: WARNING 26-09-09 18:19:33.038006 - 0:00:34 - Model parameter encoder.transformer.layers.19.attn.to_out.weight is all zeros: it might be because of a missing initialization
0: WARNING 26-09-09 18:19:33.048178 - 0:00:34 - Model parameter encoder.transformer.layers.19.ff.net.0.weight is all zeros: it might be because of a missing initialization
0: WARNING 26-09-09 18:19:33.048178 - 0:00:34 - Model parameter encoder.transformer.layers.19.ff.net.0.weight is all zeros: it might be because of a missing initialization
0: WARNING 26-09-09 18:19:33.067281 - 0:00:34 - Model parameter encoder.transformer.layers.19.ff.net.1.weight is all zeros: it might be because of a missing initialization
0: WARNING 26-09-09 18:19:33.067281 - 0:00:34 - Model parameter encoder.transformer.layers.19.ff.net.1.weight is all zeros: it might be because of a missing initialization
0: WARNING 26-09-09 18:19:33.085850 - 0:00:34 - Model parameter encoder.transformer.layers.19.ff.net.3.weight is all zeros: it might be because of a missing initialization
0: WARNING 26-09-09 18:19:33.085850 - 0:00:34 - Model parameter encoder.transformer.layers.19.ff.net.3.weight is all zeros: it might be because of a missing initialization
0: WARNING 26-09-09 18:19:33.093166 - 0:00:34 - Model parameter encoder.transformer.layers.20.attn.norm.weight is all zeros: it might be because of a missing initialization
0: WARNING 26-09-09 18:19:33.093166 - 0:00:34 - Model parameter encoder.transformer.layers.20.attn.norm.weight is all zeros: it might be because of a missing initialization
0: WARNING 26-09-09 18:19:33.099571 - 0:00:34 - Model parameter encoder.transformer.layers.20.attn.to_qkv.weight is all zeros: it might be because of a missing initialization
0: WARNING 26-09-09 18:19:33.099571 - 0:00:34 - Model parameter encoder.transformer.layers.20.attn.to_qkv.weight is all zeros: it might be because of a missing initialization
0: WARNING 26-09-09 18:19:33.118816 - 0:00:34 - Model parameter encoder.transformer.layers.20.attn.to_out.weight is all zeros: it might be because of a missing initialization
0: WARNING 26-09-09 18:19:33.118816 - 0:00:34 - Model parameter encoder.transformer.layers.20.attn.to_out.weight is all zeros: it might be because of a missing initialization
0: WARNING 26-09-09 18:19:33.129122 - 0:00:34 - Model parameter encoder.transformer.layers.20.ff.net.0.weight is all zeros: it might be because of a missing initialization
0: WARNING 26-09-09 18:19:33.129122 - 0:00:34 - Model parameter encoder.transformer.layers.20.ff.net.0.weight is all zeros: it might be because of a missing initialization
0: WARNING 26-09-09 18:19:33.136057 - 0:00:34 - Model parameter encoder.transformer.layers.20.ff.net.1.weight is all zeros: it might be because of a missing initialization
0: WARNING 26-09-09 18:19:33.136057 - 0:00:34 - Model parameter encoder.transformer.layers.20.ff.net.1.weight is all zeros: it might be because of a missing initialization
0: WARNING 26-09-09 18:19:33.142587 - 0:00:34 - Model parameter encoder.transformer.layers.20.ff.net.3.weight is all zeros: it might be because of a missing initialization
0: WARNING 26-09-09 18:19:33.142587 - 0:00:34 - Model parameter encoder.transformer.layers.20.ff.net.3.weight is all zeros: it might be because of a missing initialization
0: WARNING 26-09-09 18:19:33.150342 - 0:00:34 - Model parameter encoder.transformer.layers.21.attn.norm.weight is all zeros: it might be because of a missing initialization
0: WARNING 26-09-09 18:19:33.150342 - 0:00:34 - Model parameter encoder.transformer.layers.21.attn.norm.weight is all zeros: it might be because of a missing initialization
0: WARNING 26-09-09 18:19:33.155754 - 0:00:34 - Model parameter encoder.transformer.layers.21.attn.to_qkv.weight is all zeros: it might be because of a missing initialization
0: WARNING 26-09-09 18:19:33.155754 - 0:00:34 - Model parameter encoder.transformer.layers.21.attn.to_qkv.weight is all zeros: it might be because of a missing initialization
0: WARNING 26-09-09 18:19:33.166229 - 0:00:34 - Model parameter encoder.transformer.layers.21.attn.to_out.weight is all zeros: it might be because of a missing initialization
0: WARNING 26-09-09 18:19:33.166229 - 0:00:34 - Model parameter encoder.transformer.layers.21.attn.to_out.weight is all zeros: it might be because of a missing initialization
0: WARNING 26-09-09 18:19:33.172814 - 0:00:34 - Model parameter encoder.transformer.layers.21.ff.net.0.weight is all zeros: it might be because of a missing initialization
0: WARNING 26-09-09 18:19:33.172814 - 0:00:34 - Model parameter encoder.transformer.layers.21.ff.net.0.weight is all zeros: it might be because of a missing initialization
0: WARNING 26-09-09 18:19:33.186049 - 0:00:34 - Model parameter encoder.transformer.layers.21.ff.net.1.weight is all zeros: it might be because of a missing initialization
0: WARNING 26-09-09 18:19:33.186049 - 0:00:34 - Model parameter encoder.transformer.layers.21.ff.net.1.weight is all zeros: it might be because of a missing initialization
0: WARNING 26-09-09 18:19:33.200990 - 0:00:34 - Model parameter encoder.transformer.layers.21.ff.net.3.weight is all zeros: it might be because of a missing initialization
0: WARNING 26-09-09 18:19:33.200990 - 0:00:34 - Model parameter encoder.transformer.layers.21.ff.net.3.weight is all zeros: it might be because of a missing initialization
0: WARNING 26-09-09 18:19:33.208091 - 0:00:34 - Model parameter encoder.to_patch_embedding.0.weight is all zeros: it might be because of a missing initialization
0: WARNING 26-09-09 18:19:33.208091 - 0:00:34 - Model parameter encoder.to_patch_embedding.0.weight is all zeros: it might be because of a missing initialization
0: WARNING 26-09-09 18:19:33.213383 - 0:00:34 - Model parameter encoder.to_patch_embedding.0.bias is all zeros: it might be because of a missing initialization
0: WARNING 26-09-09 18:19:33.213383 - 0:00:34 - Model parameter encoder.to_patch_embedding.0.bias is all zeros: it might be because of a missing initialization
0: WARNING 26-09-09 18:19:33.231214 - 0:00:34 - Model parameter encoder.mlp4d.0.weight is all zeros: it might be because of a missing initialization
0: WARNING 26-09-09 18:19:33.231214 - 0:00:34 - Model parameter encoder.mlp4d.0.weight is all zeros: it might be because of a missing initialization
2: INFO    26-09-09 18:19:33.234928 - 0:00:34 - Starting EEG MAE training job: eeg_all_test_20260909_181812
2: INFO    26-09-09 18:19:33.235316 - 0:00:34 - DP rank: 2/4
3: INFO    26-09-09 18:19:33.235278 - 0:00:34 - Starting EEG MAE training job: eeg_all_test_20260909_181812
2: INFO    26-09-09 18:19:33.235393 - 0:00:34 - Loader rank: 2/4
3: INFO    26-09-09 18:19:33.235765 - 0:00:34 - DP rank: 3/4
3: INFO    26-09-09 18:19:33.235866 - 0:00:34 - Loader rank: 3/4
0: WARNING 26-09-09 18:19:33.239734 - 0:00:34 - Model parameter encoder.mlp4d.2.weight is all zeros: it might be because of a missing initialization
0: WARNING 26-09-09 18:19:33.239734 - 0:00:34 - Model parameter encoder.mlp4d.2.weight is all zeros: it might be because of a missing initialization
0: WARNING 26-09-09 18:19:33.251316 - 0:00:34 - Model parameter encoder.mlp4d.2.bias is all zeros: it might be because of a missing initialization
0: WARNING 26-09-09 18:19:33.251316 - 0:00:34 - Model parameter encoder.mlp4d.2.bias is all zeros: it might be because of a missing initialization
0: WARNING 26-09-09 18:19:33.258452 - 0:00:34 - Model parameter encoder.ln.weight is all zeros: it might be because of a missing initialization
0: WARNING 26-09-09 18:19:33.258452 - 0:00:34 - Model parameter encoder.ln.weight is all zeros: it might be because of a missing initialization
0: WARNING 26-09-09 18:19:33.263906 - 0:00:34 - Model parameter encoder.ln.bias is all zeros: it might be because of a missing initialization
0: WARNING 26-09-09 18:19:33.263906 - 0:00:34 - Model parameter encoder.ln.bias is all zeros: it might be because of a missing initialization
0: WARNING 26-09-09 18:19:33.270762 - 0:00:34 - Model parameter decoder.layers.0.attn.norm.weight is all zeros: it might be because of a missing initialization
0: WARNING 26-09-09 18:19:33.270762 - 0:00:34 - Model parameter decoder.layers.0.attn.norm.weight is all zeros: it might be because of a missing initialization
0: WARNING 26-09-09 18:19:33.299012 - 0:00:34 - Model parameter decoder.layers.0.attn.to_qkv.weight is all zeros: it might be because of a missing initialization
0: WARNING 26-09-09 18:19:33.299012 - 0:00:34 - Model parameter decoder.layers.0.attn.to_qkv.weight is all zeros: it might be because of a missing initialization
0: WARNING 26-09-09 18:19:33.305932 - 0:00:34 - Model parameter decoder.layers.0.attn.to_out.weight is all zeros: it might be because of a missing initialization
0: WARNING 26-09-09 18:19:33.305932 - 0:00:34 - Model parameter decoder.layers.0.attn.to_out.weight is all zeros: it might be because of a missing initialization
1: INFO    26-09-09 18:19:33.318287 - 0:00:34 - Found 358 valid recordings: [74, 79, 80, 81, 82, 83, 85, 86, 87, 88, 89, 90, 92, 93, 98, 99, 100, 101, 102, 103, 104, 105, 106, 107, 108, 109, 110, 111, 112, 113, 114, 115, 116, 117, 118, 119, 120, 121, 122, 123, 124, 125, 126, 127, 128, 129, 130, 131, 132, 133, 134, 135, 136, 137, 138, 139, 140, 141, 142, 143, 144, 145, 146, 147, 148, 149, 150, 151, 152, 153, 154, 155, 156, 157, 158, 159, 160, 161, 162, 163, 164, 165, 166, 167, 168, 169, 170, 171, 172, 173, 174, 175, 176, 177, 178, 179, 180, 181, 182, 183, 184, 185, 186, 187, 188, 189, 190, 191, 192, 193, 194, 195, 196, 197, 198, 199, 200, 201, 202, 203, 204, 205, 206, 207, 208, 209, 210, 211, 212, 213, 214, 215, 216, 217, 218, 219, 220, 221, 222, 223, 224, 225, 226, 227, 228, 229, 230, 231, 232, 233, 234, 235, 236, 237, 238, 239, 240, 241, 242, 243, 244, 245, 246, 247, 248, 249, 250, 251, 252, 253, 254, 255, 256, 257, 258, 259, 260, 261, 262, 263, 264, 265, 266, 267, 268, 269, 270, 271, 272, 273, 274, 275, 276, 277, 278, 279, 280, 281, 282, 283, 284, 285, 286, 287, 288, 289, 290, 291, 292, 293, 294, 295, 296, 297, 298, 299, 300, 301, 302, 303, 304, 305, 306, 307, 308, 309, 310, 311, 312, 313, 314, 315, 316, 317, 318, 319, 320, 321, 322, 323, 324, 325, 326, 327, 328, 329, 330, 331, 332, 333, 334, 335, 336, 337, 338, 339, 340, 341, 342, 343, 344, 345, 346, 347, 348, 349, 350, 351, 352, 353, 354, 355, 356, 357, 358, 359, 360, 361, 362, 363, 364, 365, 366, 367, 368, 369, 370, 371, 372, 373, 374, 375, 376, 377, 378, 380, 381, 382, 383, 384, 385, 386, 387, 388, 389, 390, 391, 392, 393, 394, 395, 396, 397, 398, 399, 400, 401, 402, 403, 404, 405, 406, 407, 408, 409, 410, 411, 412, 413, 414, 415, 416, 417, 418, 419, 420, 421, 422, 423, 424, 425, 426, 427, 428, 429, 430, 431, 432, 433, 434, 435, 436, 437, 438, 439, 440, 441, 442]
0: WARNING 26-09-09 18:19:33.326697 - 0:00:34 - Model parameter decoder.layers.0.ff.net.0.weight is all zeros: it might be because of a missing initialization
0: WARNING 26-09-09 18:19:33.326697 - 0:00:34 - Model parameter decoder.layers.0.ff.net.0.weight is all zeros: it might be because of a missing initialization
0: WARNING 26-09-09 18:19:33.333197 - 0:00:34 - Model parameter decoder.layers.0.ff.net.1.weight is all zeros: it might be because of a missing initialization
0: WARNING 26-09-09 18:19:33.333197 - 0:00:34 - Model parameter decoder.layers.0.ff.net.1.weight is all zeros: it might be because of a missing initialization
0: WARNING 26-09-09 18:19:33.339109 - 0:00:34 - Model parameter decoder.layers.0.ff.net.3.weight is all zeros: it might be because of a missing initialization
0: WARNING 26-09-09 18:19:33.339109 - 0:00:34 - Model parameter decoder.layers.0.ff.net.3.weight is all zeros: it might be because of a missing initialization
0: WARNING 26-09-09 18:19:33.344303 - 0:00:34 - Model parameter decoder.layers.1.attn.norm.weight is all zeros: it might be because of a missing initialization
0: WARNING 26-09-09 18:19:33.344303 - 0:00:34 - Model parameter decoder.layers.1.attn.norm.weight is all zeros: it might be because of a missing initialization
2: INFO    26-09-09 18:19:33.350017 - 0:00:34 - Building EEG MAE model
0: WARNING 26-09-09 18:19:33.352111 - 0:00:34 - Model parameter decoder.layers.1.attn.to_qkv.weight is all zeros: it might be because of a missing initialization
3: INFO    26-09-09 18:19:33.368771 - 0:00:34 - Building EEG MAE model
0: WARNING 26-09-09 18:19:33.352111 - 0:00:34 - Model parameter decoder.layers.1.attn.to_qkv.weight is all zeros: it might be because of a missing initialization
0: WARNING 26-09-09 18:19:33.386960 - 0:00:34 - Model parameter decoder.layers.1.attn.to_out.weight is all zeros: it might be because of a missing initialization
0: WARNING 26-09-09 18:19:33.386960 - 0:00:34 - Model parameter decoder.layers.1.attn.to_out.weight is all zeros: it might be because of a missing initialization
0: WARNING 26-09-09 18:19:33.423750 - 0:00:34 - Model parameter decoder.layers.1.ff.net.0.weight is all zeros: it might be because of a missing initialization
0: WARNING 26-09-09 18:19:33.423750 - 0:00:34 - Model parameter decoder.layers.1.ff.net.0.weight is all zeros: it might be because of a missing initialization
0: WARNING 26-09-09 18:19:33.447350 - 0:00:34 - Model parameter decoder.layers.1.ff.net.1.weight is all zeros: it might be because of a missing initialization
0: WARNING 26-09-09 18:19:33.447350 - 0:00:34 - Model parameter decoder.layers.1.ff.net.1.weight is all zeros: it might be because of a missing initialization
0: WARNING 26-09-09 18:19:33.469362 - 0:00:34 - Model parameter decoder.layers.1.ff.net.3.weight is all zeros: it might be because of a missing initialization
0: WARNING 26-09-09 18:19:33.469362 - 0:00:34 - Model parameter decoder.layers.1.ff.net.3.weight is all zeros: it might be because of a missing initialization
2: INFO    26-09-09 18:19:33.479118 - 0:00:34 - MAE weights initialized with Megatron-style init
2: INFO    26-09-09 18:19:33.479324 - 0:00:34 - Built MAE model: encoder_dim=512, encoder_depth=22, decoder_dim=512, decoder_depth=8
2: INFO    26-09-09 18:19:33.479396 - 0:00:34 - Model built successfully
0: WARNING 26-09-09 18:19:33.488460 - 0:00:34 - Model parameter decoder.layers.2.attn.norm.weight is all zeros: it might be because of a missing initialization
0: WARNING 26-09-09 18:19:33.488460 - 0:00:34 - Model parameter decoder.layers.2.attn.norm.weight is all zeros: it might be because of a missing initialization
3: INFO    26-09-09 18:19:33.497720 - 0:00:34 - MAE weights initialized with Megatron-style init
0: WARNING 26-09-09 18:19:33.497922 - 0:00:34 - Model parameter decoder.layers.2.attn.to_qkv.weight is all zeros: it might be because of a missing initialization
0: WARNING 26-09-09 18:19:33.497922 - 0:00:34 - Model parameter decoder.layers.2.attn.to_qkv.weight is all zeros: it might be because of a missing initialization
3: INFO    26-09-09 18:19:33.501052 - 0:00:34 - Built MAE model: encoder_dim=512, encoder_depth=22, decoder_dim=512, decoder_depth=8
3: INFO    26-09-09 18:19:33.501132 - 0:00:34 - Model built successfully
0: WARNING 26-09-09 18:19:33.505502 - 0:00:34 - Model parameter decoder.layers.2.attn.to_out.weight is all zeros: it might be because of a missing initialization
0: WARNING 26-09-09 18:19:33.505502 - 0:00:34 - Model parameter decoder.layers.2.attn.to_out.weight is all zeros: it might be because of a missing initialization
0: WARNING 26-09-09 18:19:33.510361 - 0:00:34 - Model parameter decoder.layers.2.ff.net.0.weight is all zeros: it might be because of a missing initialization
0: WARNING 26-09-09 18:19:33.510361 - 0:00:34 - Model parameter decoder.layers.2.ff.net.0.weight is all zeros: it might be because of a missing initialization
0: WARNING 26-09-09 18:19:33.515808 - 0:00:34 - Model parameter decoder.layers.2.ff.net.1.weight is all zeros: it might be because of a missing initialization
0: WARNING 26-09-09 18:19:33.515808 - 0:00:34 - Model parameter decoder.layers.2.ff.net.1.weight is all zeros: it might be because of a missing initialization
0: WARNING 26-09-09 18:19:33.521044 - 0:00:34 - Model parameter decoder.layers.2.ff.net.3.weight is all zeros: it might be because of a missing initialization
0: WARNING 26-09-09 18:19:33.521044 - 0:00:34 - Model parameter decoder.layers.2.ff.net.3.weight is all zeros: it might be because of a missing initialization
0: WARNING 26-09-09 18:19:33.526932 - 0:00:34 - Model parameter decoder.layers.3.attn.norm.weight is all zeros: it might be because of a missing initialization
0: WARNING 26-09-09 18:19:33.526932 - 0:00:34 - Model parameter decoder.layers.3.attn.norm.weight is all zeros: it might be because of a missing initialization
0: WARNING 26-09-09 18:19:33.534486 - 0:00:34 - Model parameter decoder.layers.3.attn.to_qkv.weight is all zeros: it might be because of a missing initialization
0: WARNING 26-09-09 18:19:33.534486 - 0:00:34 - Model parameter decoder.layers.3.attn.to_qkv.weight is all zeros: it might be because of a missing initialization
0: WARNING 26-09-09 18:19:33.540335 - 0:00:34 - Model parameter decoder.layers.3.attn.to_out.weight is all zeros: it might be because of a missing initialization
0: WARNING 26-09-09 18:19:33.540335 - 0:00:34 - Model parameter decoder.layers.3.attn.to_out.weight is all zeros: it might be because of a missing initialization
0: WARNING 26-09-09 18:19:33.552446 - 0:00:34 - Model parameter decoder.layers.3.ff.net.0.weight is all zeros: it might be because of a missing initialization
0: WARNING 26-09-09 18:19:33.552446 - 0:00:34 - Model parameter decoder.layers.3.ff.net.0.weight is all zeros: it might be because of a missing initialization
0: WARNING 26-09-09 18:19:33.561051 - 0:00:34 - Model parameter decoder.layers.3.ff.net.1.weight is all zeros: it might be because of a missing initialization
0: WARNING 26-09-09 18:19:33.561051 - 0:00:34 - Model parameter decoder.layers.3.ff.net.1.weight is all zeros: it might be because of a missing initialization
0: WARNING 26-09-09 18:19:33.567454 - 0:00:34 - Model parameter decoder.layers.3.ff.net.3.weight is all zeros: it might be because of a missing initialization
0: WARNING 26-09-09 18:19:33.567454 - 0:00:34 - Model parameter decoder.layers.3.ff.net.3.weight is all zeros: it might be because of a missing initialization
0: WARNING 26-09-09 18:19:33.585301 - 0:00:35 - Model parameter decoder.layers.4.attn.norm.weight is all zeros: it might be because of a missing initialization
0: WARNING 26-09-09 18:19:33.585301 - 0:00:35 - Model parameter decoder.layers.4.attn.norm.weight is all zeros: it might be because of a missing initialization
0: WARNING 26-09-09 18:19:33.593096 - 0:00:35 - Model parameter decoder.layers.4.attn.to_qkv.weight is all zeros: it might be because of a missing initialization
0: WARNING 26-09-09 18:19:33.593096 - 0:00:35 - Model parameter decoder.layers.4.attn.to_qkv.weight is all zeros: it might be because of a missing initialization
0: WARNING 26-09-09 18:19:33.599551 - 0:00:35 - Model parameter decoder.layers.4.attn.to_out.weight is all zeros: it might be because of a missing initialization
0: WARNING 26-09-09 18:19:33.599551 - 0:00:35 - Model parameter decoder.layers.4.attn.to_out.weight is all zeros: it might be because of a missing initialization
0: WARNING 26-09-09 18:19:33.605782 - 0:00:35 - Model parameter decoder.layers.4.ff.net.0.weight is all zeros: it might be because of a missing initialization
0: WARNING 26-09-09 18:19:33.605782 - 0:00:35 - Model parameter decoder.layers.4.ff.net.0.weight is all zeros: it might be because of a missing initialization
0: WARNING 26-09-09 18:19:33.611012 - 0:00:35 - Model parameter decoder.layers.4.ff.net.1.weight is all zeros: it might be because of a missing initialization
0: WARNING 26-09-09 18:19:33.611012 - 0:00:35 - Model parameter decoder.layers.4.ff.net.1.weight is all zeros: it might be because of a missing initialization
0: WARNING 26-09-09 18:19:33.620563 - 0:00:35 - Model parameter decoder.layers.4.ff.net.3.weight is all zeros: it might be because of a missing initialization
0: WARNING 26-09-09 18:19:33.620563 - 0:00:35 - Model parameter decoder.layers.4.ff.net.3.weight is all zeros: it might be because of a missing initialization
0: WARNING 26-09-09 18:19:33.627320 - 0:00:35 - Model parameter decoder.layers.5.attn.norm.weight is all zeros: it might be because of a missing initialization
0: WARNING 26-09-09 18:19:33.627320 - 0:00:35 - Model parameter decoder.layers.5.attn.norm.weight is all zeros: it might be because of a missing initialization
0: WARNING 26-09-09 18:19:33.633850 - 0:00:35 - Model parameter decoder.layers.5.attn.to_qkv.weight is all zeros: it might be because of a missing initialization
0: WARNING 26-09-09 18:19:33.633850 - 0:00:35 - Model parameter decoder.layers.5.attn.to_qkv.weight is all zeros: it might be because of a missing initialization
0: WARNING 26-09-09 18:19:33.639099 - 0:00:35 - Model parameter decoder.layers.5.attn.to_out.weight is all zeros: it might be because of a missing initialization
0: WARNING 26-09-09 18:19:33.639099 - 0:00:35 - Model parameter decoder.layers.5.attn.to_out.weight is all zeros: it might be because of a missing initialization
0: WARNING 26-09-09 18:19:33.644727 - 0:00:35 - Model parameter decoder.layers.5.ff.net.0.weight is all zeros: it might be because of a missing initialization
0: WARNING 26-09-09 18:19:33.644727 - 0:00:35 - Model parameter decoder.layers.5.ff.net.0.weight is all zeros: it might be because of a missing initialization
0: WARNING 26-09-09 18:19:33.650725 - 0:00:35 - Model parameter decoder.layers.5.ff.net.1.weight is all zeros: it might be because of a missing initialization
0: WARNING 26-09-09 18:19:33.650725 - 0:00:35 - Model parameter decoder.layers.5.ff.net.1.weight is all zeros: it might be because of a missing initialization
0: WARNING 26-09-09 18:19:33.656399 - 0:00:35 - Model parameter decoder.layers.5.ff.net.3.weight is all zeros: it might be because of a missing initialization
0: WARNING 26-09-09 18:19:33.656399 - 0:00:35 - Model parameter decoder.layers.5.ff.net.3.weight is all zeros: it might be because of a missing initialization
0: WARNING 26-09-09 18:19:33.661578 - 0:00:35 - Model parameter decoder.layers.6.attn.norm.weight is all zeros: it might be because of a missing initialization
3: INFO    26-09-09 18:19:33.663906 - 0:00:35 - Using Megatron-style weight initialization
2: INFO    26-09-09 18:19:33.664634 - 0:00:35 - Using Megatron-style weight initialization
0: WARNING 26-09-09 18:19:33.661578 - 0:00:35 - Model parameter decoder.layers.6.attn.norm.weight is all zeros: it might be because of a missing initialization
0: WARNING 26-09-09 18:19:33.693003 - 0:00:35 - Model parameter decoder.layers.6.attn.to_qkv.weight is all zeros: it might be because of a missing initialization
0: WARNING 26-09-09 18:19:33.693003 - 0:00:35 - Model parameter decoder.layers.6.attn.to_qkv.weight is all zeros: it might be because of a missing initialization
0: WARNING 26-09-09 18:19:33.702322 - 0:00:35 - Model parameter decoder.layers.6.attn.to_out.weight is all zeros: it might be because of a missing initialization
0: WARNING 26-09-09 18:19:33.702322 - 0:00:35 - Model parameter decoder.layers.6.attn.to_out.weight is all zeros: it might be because of a missing initialization
0: WARNING 26-09-09 18:19:33.708236 - 0:00:35 - Model parameter decoder.layers.6.ff.net.0.weight is all zeros: it might be because of a missing initialization
0: WARNING 26-09-09 18:19:33.708236 - 0:00:35 - Model parameter decoder.layers.6.ff.net.0.weight is all zeros: it might be because of a missing initialization
0: WARNING 26-09-09 18:19:33.715447 - 0:00:35 - Model parameter decoder.layers.6.ff.net.1.weight is all zeros: it might be because of a missing initialization
0: WARNING 26-09-09 18:19:33.715447 - 0:00:35 - Model parameter decoder.layers.6.ff.net.1.weight is all zeros: it might be because of a missing initialization
0: WARNING 26-09-09 18:19:33.730261 - 0:00:35 - Model parameter decoder.layers.6.ff.net.3.weight is all zeros: it might be because of a missing initialization
0: WARNING 26-09-09 18:19:33.730261 - 0:00:35 - Model parameter decoder.layers.6.ff.net.3.weight is all zeros: it might be because of a missing initialization
0: WARNING 26-09-09 18:19:33.743841 - 0:00:35 - Model parameter decoder.layers.7.attn.norm.weight is all zeros: it might be because of a missing initialization
0: WARNING 26-09-09 18:19:33.743841 - 0:00:35 - Model parameter decoder.layers.7.attn.norm.weight is all zeros: it might be because of a missing initialization
0: WARNING 26-09-09 18:19:33.751024 - 0:00:35 - Model parameter decoder.layers.7.attn.to_qkv.weight is all zeros: it might be because of a missing initialization
0: WARNING 26-09-09 18:19:33.751024 - 0:00:35 - Model parameter decoder.layers.7.attn.to_qkv.weight is all zeros: it might be because of a missing initialization
0: WARNING 26-09-09 18:19:33.757155 - 0:00:35 - Model parameter decoder.layers.7.attn.to_out.weight is all zeros: it might be because of a missing initialization
0: WARNING 26-09-09 18:19:33.757155 - 0:00:35 - Model parameter decoder.layers.7.attn.to_out.weight is all zeros: it might be because of a missing initialization
3: WARNING 26-09-09 18:19:33.760492 - 0:00:35 - Model parameter mask_token is all zeros: it might be because of a missing initialization
3: WARNING 26-09-09 18:19:33.760492 - 0:00:35 - Model parameter mask_token is all zeros: it might be because of a missing initialization
3: WARNING 26-09-09 18:19:33.761126 - 0:00:35 - Model parameter cls_query_token is all zeros: it might be because of a missing initialization
3: WARNING 26-09-09 18:19:33.761126 - 0:00:35 - Model parameter cls_query_token is all zeros: it might be because of a missing initialization
3: WARNING 26-09-09 18:19:33.761540 - 0:00:35 - Model parameter encoder.transformer.layers.0.attn.norm.weight is all zeros: it might be because of a missing initialization
3: WARNING 26-09-09 18:19:33.761540 - 0:00:35 - Model parameter encoder.transformer.layers.0.attn.norm.weight is all zeros: it might be because of a missing initialization
3: WARNING 26-09-09 18:19:33.761948 - 0:00:35 - Model parameter encoder.transformer.layers.0.attn.to_qkv.weight is all zeros: it might be because of a missing initialization
3: WARNING 26-09-09 18:19:33.761948 - 0:00:35 - Model parameter encoder.transformer.layers.0.attn.to_qkv.weight is all zeros: it might be because of a missing initialization
3: WARNING 26-09-09 18:19:33.762675 - 0:00:35 - Model parameter encoder.transformer.layers.0.attn.to_out.weight is all zeros: it might be because of a missing initialization
3: WARNING 26-09-09 18:19:33.762675 - 0:00:35 - Model parameter encoder.transformer.layers.0.attn.to_out.weight is all zeros: it might be because of a missing initialization
3: WARNING 26-09-09 18:19:33.763054 - 0:00:35 - Model parameter encoder.transformer.layers.0.ff.net.0.weight is all zeros: it might be because of a missing initialization
3: WARNING 26-09-09 18:19:33.763054 - 0:00:35 - Model parameter encoder.transformer.layers.0.ff.net.0.weight is all zeros: it might be because of a missing initialization
3: WARNING 26-09-09 18:19:33.763451 - 0:00:35 - Model parameter encoder.transformer.layers.0.ff.net.1.weight is all zeros: it might be because of a missing initialization
3: WARNING 26-09-09 18:19:33.763451 - 0:00:35 - Model parameter encoder.transformer.layers.0.ff.net.1.weight is all zeros: it might be because of a missing initialization
2: WARNING 26-09-09 18:19:33.763552 - 0:00:35 - Model parameter mask_token is all zeros: it might be because of a missing initialization
3: WARNING 26-09-09 18:19:33.763855 - 0:00:35 - Model parameter encoder.transformer.layers.0.ff.net.3.weight is all zeros: it might be because of a missing initialization
0: WARNING 26-09-09 18:19:33.763871 - 0:00:35 - Model parameter decoder.layers.7.ff.net.0.weight is all zeros: it might be because of a missing initialization
3: WARNING 26-09-09 18:19:33.763855 - 0:00:35 - Model parameter encoder.transformer.layers.0.ff.net.3.weight is all zeros: it might be because of a missing initialization
2: WARNING 26-09-09 18:19:33.763552 - 0:00:35 - Model parameter mask_token is all zeros: it might be because of a missing initialization
0: WARNING 26-09-09 18:19:33.763871 - 0:00:35 - Model parameter decoder.layers.7.ff.net.0.weight is all zeros: it might be because of a missing initialization
3: WARNING 26-09-09 18:19:33.766738 - 0:00:35 - Model parameter encoder.transformer.layers.1.attn.norm.weight is all zeros: it might be because of a missing initialization
3: WARNING 26-09-09 18:19:33.766738 - 0:00:35 - Model parameter encoder.transformer.layers.1.attn.norm.weight is all zeros: it might be because of a missing initialization
2: WARNING 26-09-09 18:19:33.766822 - 0:00:35 - Model parameter cls_query_token is all zeros: it might be because of a missing initialization
2: WARNING 26-09-09 18:19:33.766822 - 0:00:35 - Model parameter cls_query_token is all zeros: it might be because of a missing initialization
3: WARNING 26-09-09 18:19:33.767126 - 0:00:35 - Model parameter encoder.transformer.layers.1.attn.to_qkv.weight is all zeros: it might be because of a missing initialization
3: WARNING 26-09-09 18:19:33.767126 - 0:00:35 - Model parameter encoder.transformer.layers.1.attn.to_qkv.weight is all zeros: it might be because of a missing initialization
2: WARNING 26-09-09 18:19:33.767218 - 0:00:35 - Model parameter encoder.transformer.layers.0.attn.norm.weight is all zeros: it might be because of a missing initialization
2: WARNING 26-09-09 18:19:33.767218 - 0:00:35 - Model parameter encoder.transformer.layers.0.attn.norm.weight is all zeros: it might be because of a missing initialization
3: WARNING 26-09-09 18:19:33.767513 - 0:00:35 - Model parameter encoder.transformer.layers.1.attn.to_out.weight is all zeros: it might be because of a missing initialization
3: WARNING 26-09-09 18:19:33.767513 - 0:00:35 - Model parameter encoder.transformer.layers.1.attn.to_out.weight is all zeros: it might be because of a missing initialization
2: WARNING 26-09-09 18:19:33.767617 - 0:00:35 - Model parameter encoder.transformer.layers.0.attn.to_qkv.weight is all zeros: it might be because of a missing initialization
2: WARNING 26-09-09 18:19:33.767617 - 0:00:35 - Model parameter encoder.transformer.layers.0.attn.to_qkv.weight is all zeros: it might be because of a missing initialization
3: WARNING 26-09-09 18:19:33.767856 - 0:00:35 - Model parameter encoder.transformer.layers.1.ff.net.0.weight is all zeros: it might be because of a missing initialization
3: WARNING 26-09-09 18:19:33.767856 - 0:00:35 - Model parameter encoder.transformer.layers.1.ff.net.0.weight is all zeros: it might be because of a missing initialization
3: WARNING 26-09-09 18:19:33.768230 - 0:00:35 - Model parameter encoder.transformer.layers.1.ff.net.1.weight is all zeros: it might be because of a missing initialization
3: WARNING 26-09-09 18:19:33.768230 - 0:00:35 - Model parameter encoder.transformer.layers.1.ff.net.1.weight is all zeros: it might be because of a missing initialization
2: WARNING 26-09-09 18:19:33.768322 - 0:00:35 - Model parameter encoder.transformer.layers.0.attn.to_out.weight is all zeros: it might be because of a missing initialization
2: WARNING 26-09-09 18:19:33.768322 - 0:00:35 - Model parameter encoder.transformer.layers.0.attn.to_out.weight is all zeros: it might be because of a missing initialization
3: WARNING 26-09-09 18:19:33.768610 - 0:00:35 - Model parameter encoder.transformer.layers.1.ff.net.3.weight is all zeros: it might be because of a missing initialization
3: WARNING 26-09-09 18:19:33.768610 - 0:00:35 - Model parameter encoder.transformer.layers.1.ff.net.3.weight is all zeros: it might be because of a missing initialization
2: WARNING 26-09-09 18:19:33.768703 - 0:00:35 - Model parameter encoder.transformer.layers.0.ff.net.0.weight is all zeros: it might be because of a missing initialization
2: WARNING 26-09-09 18:19:33.768703 - 0:00:35 - Model parameter encoder.transformer.layers.0.ff.net.0.weight is all zeros: it might be because of a missing initialization
3: WARNING 26-09-09 18:19:33.768944 - 0:00:35 - Model parameter encoder.transformer.layers.2.attn.norm.weight is all zeros: it might be because of a missing initialization
3: WARNING 26-09-09 18:19:33.768944 - 0:00:35 - Model parameter encoder.transformer.layers.2.attn.norm.weight is all zeros: it might be because of a missing initialization
2: WARNING 26-09-09 18:19:33.769080 - 0:00:35 - Model parameter encoder.transformer.layers.0.ff.net.1.weight is all zeros: it might be because of a missing initialization
2: WARNING 26-09-09 18:19:33.769080 - 0:00:35 - Model parameter encoder.transformer.layers.0.ff.net.1.weight is all zeros: it might be because of a missing initialization
3: WARNING 26-09-09 18:19:33.769310 - 0:00:35 - Model parameter encoder.transformer.layers.2.attn.to_qkv.weight is all zeros: it might be because of a missing initialization
3: WARNING 26-09-09 18:19:33.769310 - 0:00:35 - Model parameter encoder.transformer.layers.2.attn.to_qkv.weight is all zeros: it might be because of a missing initialization
2: WARNING 26-09-09 18:19:33.769441 - 0:00:35 - Model parameter encoder.transformer.layers.0.ff.net.3.weight is all zeros: it might be because of a missing initialization
2: WARNING 26-09-09 18:19:33.769441 - 0:00:35 - Model parameter encoder.transformer.layers.0.ff.net.3.weight is all zeros: it might be because of a missing initialization
3: WARNING 26-09-09 18:19:33.769675 - 0:00:35 - Model parameter encoder.transformer.layers.2.attn.to_out.weight is all zeros: it might be because of a missing initialization
3: WARNING 26-09-09 18:19:33.769675 - 0:00:35 - Model parameter encoder.transformer.layers.2.attn.to_out.weight is all zeros: it might be because of a missing initialization
2: WARNING 26-09-09 18:19:33.769758 - 0:00:35 - Model parameter encoder.transformer.layers.1.attn.norm.weight is all zeros: it might be because of a missing initialization
2: WARNING 26-09-09 18:19:33.769758 - 0:00:35 - Model parameter encoder.transformer.layers.1.attn.norm.weight is all zeros: it might be because of a missing initialization
3: WARNING 26-09-09 18:19:33.770002 - 0:00:35 - Model parameter encoder.transformer.layers.2.ff.net.0.weight is all zeros: it might be because of a missing initialization
3: WARNING 26-09-09 18:19:33.770002 - 0:00:35 - Model parameter encoder.transformer.layers.2.ff.net.0.weight is all zeros: it might be because of a missing initialization
2: WARNING 26-09-09 18:19:33.770113 - 0:00:35 - Model parameter encoder.transformer.layers.1.attn.to_qkv.weight is all zeros: it might be because of a missing initialization
2: WARNING 26-09-09 18:19:33.770113 - 0:00:35 - Model parameter encoder.transformer.layers.1.attn.to_qkv.weight is all zeros: it might be because of a missing initialization
3: WARNING 26-09-09 18:19:33.770382 - 0:00:35 - Model parameter encoder.transformer.layers.2.ff.net.1.weight is all zeros: it might be because of a missing initialization
2: WARNING 26-09-09 18:19:33.770504 - 0:00:35 - Model parameter encoder.transformer.layers.1.attn.to_out.weight is all zeros: it might be because of a missing initialization
0: WARNING 26-09-09 18:19:33.770849 - 0:00:35 - Model parameter decoder.layers.7.ff.net.1.weight is all zeros: it might be because of a missing initialization
3: WARNING 26-09-09 18:19:33.770382 - 0:00:35 - Model parameter encoder.transformer.layers.2.ff.net.1.weight is all zeros: it might be because of a missing initialization
2: WARNING 26-09-09 18:19:33.770504 - 0:00:35 - Model parameter encoder.transformer.layers.1.attn.to_out.weight is all zeros: it might be because of a missing initialization
0: WARNING 26-09-09 18:19:33.770849 - 0:00:35 - Model parameter decoder.layers.7.ff.net.1.weight is all zeros: it might be because of a missing initialization
2: WARNING 26-09-09 18:19:33.774647 - 0:00:35 - Model parameter encoder.transformer.layers.1.ff.net.0.weight is all zeros: it might be because of a missing initialization
2: WARNING 26-09-09 18:19:33.774647 - 0:00:35 - Model parameter encoder.transformer.layers.1.ff.net.0.weight is all zeros: it might be because of a missing initialization
3: WARNING 26-09-09 18:19:33.774706 - 0:00:35 - Model parameter encoder.transformer.layers.2.ff.net.3.weight is all zeros: it might be because of a missing initialization
3: WARNING 26-09-09 18:19:33.774706 - 0:00:35 - Model parameter encoder.transformer.layers.2.ff.net.3.weight is all zeros: it might be because of a missing initialization
2: WARNING 26-09-09 18:19:33.775009 - 0:00:35 - Model parameter encoder.transformer.layers.1.ff.net.1.weight is all zeros: it might be because of a missing initialization
2: WARNING 26-09-09 18:19:33.775009 - 0:00:35 - Model parameter encoder.transformer.layers.1.ff.net.1.weight is all zeros: it might be because of a missing initialization
3: WARNING 26-09-09 18:19:33.775048 - 0:00:35 - Model parameter encoder.transformer.layers.3.attn.norm.weight is all zeros: it might be because of a missing initialization
3: WARNING 26-09-09 18:19:33.775048 - 0:00:35 - Model parameter encoder.transformer.layers.3.attn.norm.weight is all zeros: it might be because of a missing initialization
2: WARNING 26-09-09 18:19:33.775368 - 0:00:35 - Model parameter encoder.transformer.layers.1.ff.net.3.weight is all zeros: it might be because of a missing initialization
2: WARNING 26-09-09 18:19:33.775368 - 0:00:35 - Model parameter encoder.transformer.layers.1.ff.net.3.weight is all zeros: it might be because of a missing initialization
3: WARNING 26-09-09 18:19:33.775409 - 0:00:35 - Model parameter encoder.transformer.layers.3.attn.to_qkv.weight is all zeros: it might be because of a missing initialization
3: WARNING 26-09-09 18:19:33.775409 - 0:00:35 - Model parameter encoder.transformer.layers.3.attn.to_qkv.weight is all zeros: it might be because of a missing initialization
2: WARNING 26-09-09 18:19:33.775705 - 0:00:35 - Model parameter encoder.transformer.layers.2.attn.norm.weight is all zeros: it might be because of a missing initialization
2: WARNING 26-09-09 18:19:33.775705 - 0:00:35 - Model parameter encoder.transformer.layers.2.attn.norm.weight is all zeros: it might be because of a missing initialization
3: WARNING 26-09-09 18:19:33.775780 - 0:00:35 - Model parameter encoder.transformer.layers.3.attn.to_out.weight is all zeros: it might be because of a missing initialization
3: WARNING 26-09-09 18:19:33.775780 - 0:00:35 - Model parameter encoder.transformer.layers.3.attn.to_out.weight is all zeros: it might be because of a missing initialization
2: WARNING 26-09-09 18:19:33.776087 - 0:00:35 - Model parameter encoder.transformer.layers.2.attn.to_qkv.weight is all zeros: it might be because of a missing initialization
3: WARNING 26-09-09 18:19:33.776100 - 0:00:35 - Model parameter encoder.transformer.layers.3.ff.net.0.weight is all zeros: it might be because of a missing initialization
2: WARNING 26-09-09 18:19:33.776087 - 0:00:35 - Model parameter encoder.transformer.layers.2.attn.to_qkv.weight is all zeros: it might be because of a missing initialization
3: WARNING 26-09-09 18:19:33.776100 - 0:00:35 - Model parameter encoder.transformer.layers.3.ff.net.0.weight is all zeros: it might be because of a missing initialization
2: WARNING 26-09-09 18:19:33.776466 - 0:00:35 - Model parameter encoder.transformer.layers.2.attn.to_out.weight is all zeros: it might be because of a missing initialization
3: WARNING 26-09-09 18:19:33.776487 - 0:00:35 - Model parameter encoder.transformer.layers.3.ff.net.1.weight is all zeros: it might be because of a missing initialization
2: WARNING 26-09-09 18:19:33.776466 - 0:00:35 - Model parameter encoder.transformer.layers.2.attn.to_out.weight is all zeros: it might be because of a missing initialization
3: WARNING 26-09-09 18:19:33.776487 - 0:00:35 - Model parameter encoder.transformer.layers.3.ff.net.1.weight is all zeros: it might be because of a missing initialization
2: WARNING 26-09-09 18:19:33.776801 - 0:00:35 - Model parameter encoder.transformer.layers.2.ff.net.0.weight is all zeros: it might be because of a missing initialization
2: WARNING 26-09-09 18:19:33.776801 - 0:00:35 - Model parameter encoder.transformer.layers.2.ff.net.0.weight is all zeros: it might be because of a missing initialization
3: WARNING 26-09-09 18:19:33.776858 - 0:00:35 - Model parameter encoder.transformer.layers.3.ff.net.3.weight is all zeros: it might be because of a missing initialization
3: WARNING 26-09-09 18:19:33.776858 - 0:00:35 - Model parameter encoder.transformer.layers.3.ff.net.3.weight is all zeros: it might be because of a missing initialization
2: WARNING 26-09-09 18:19:33.777164 - 0:00:35 - Model parameter encoder.transformer.layers.2.ff.net.1.weight is all zeros: it might be because of a missing initialization
3: WARNING 26-09-09 18:19:33.777184 - 0:00:35 - Model parameter encoder.transformer.layers.4.attn.norm.weight is all zeros: it might be because of a missing initialization
2: WARNING 26-09-09 18:19:33.777164 - 0:00:35 - Model parameter encoder.transformer.layers.2.ff.net.1.weight is all zeros: it might be because of a missing initialization
3: WARNING 26-09-09 18:19:33.777184 - 0:00:35 - Model parameter encoder.transformer.layers.4.attn.norm.weight is all zeros: it might be because of a missing initialization
2: WARNING 26-09-09 18:19:33.777526 - 0:00:35 - Model parameter encoder.transformer.layers.2.ff.net.3.weight is all zeros: it might be because of a missing initialization
3: WARNING 26-09-09 18:19:33.777554 - 0:00:35 - Model parameter encoder.transformer.layers.4.attn.to_qkv.weight is all zeros: it might be because of a missing initialization
2: WARNING 26-09-09 18:19:33.777526 - 0:00:35 - Model parameter encoder.transformer.layers.2.ff.net.3.weight is all zeros: it might be because of a missing initialization
3: WARNING 26-09-09 18:19:33.777554 - 0:00:35 - Model parameter encoder.transformer.layers.4.attn.to_qkv.weight is all zeros: it might be because of a missing initialization
2: WARNING 26-09-09 18:19:33.777848 - 0:00:35 - Model parameter encoder.transformer.layers.3.attn.norm.weight is all zeros: it might be because of a missing initialization
2: WARNING 26-09-09 18:19:33.777848 - 0:00:35 - Model parameter encoder.transformer.layers.3.attn.norm.weight is all zeros: it might be because of a missing initialization
3: WARNING 26-09-09 18:19:33.777924 - 0:00:35 - Model parameter encoder.transformer.layers.4.attn.to_out.weight is all zeros: it might be because of a missing initialization
3: WARNING 26-09-09 18:19:33.777924 - 0:00:35 - Model parameter encoder.transformer.layers.4.attn.to_out.weight is all zeros: it might be because of a missing initialization
2: WARNING 26-09-09 18:19:33.778214 - 0:00:35 - Model parameter encoder.transformer.layers.3.attn.to_qkv.weight is all zeros: it might be because of a missing initialization
2: WARNING 26-09-09 18:19:33.778214 - 0:00:35 - Model parameter encoder.transformer.layers.3.attn.to_qkv.weight is all zeros: it might be because of a missing initialization
3: WARNING 26-09-09 18:19:33.778297 - 0:00:35 - Model parameter encoder.transformer.layers.4.ff.net.0.weight is all zeros: it might be because of a missing initialization
3: WARNING 26-09-09 18:19:33.778297 - 0:00:35 - Model parameter encoder.transformer.layers.4.ff.net.0.weight is all zeros: it might be because of a missing initialization
2: WARNING 26-09-09 18:19:33.778593 - 0:00:35 - Model parameter encoder.transformer.layers.3.attn.to_out.weight is all zeros: it might be because of a missing initialization
2: WARNING 26-09-09 18:19:33.778593 - 0:00:35 - Model parameter encoder.transformer.layers.3.attn.to_out.weight is all zeros: it might be because of a missing initialization
3: WARNING 26-09-09 18:19:33.778680 - 0:00:35 - Model parameter encoder.transformer.layers.4.ff.net.1.weight is all zeros: it might be because of a missing initialization
3: WARNING 26-09-09 18:19:33.778680 - 0:00:35 - Model parameter encoder.transformer.layers.4.ff.net.1.weight is all zeros: it might be because of a missing initialization
2: WARNING 26-09-09 18:19:33.778916 - 0:00:35 - Model parameter encoder.transformer.layers.3.ff.net.0.weight is all zeros: it might be because of a missing initialization
2: WARNING 26-09-09 18:19:33.778916 - 0:00:35 - Model parameter encoder.transformer.layers.3.ff.net.0.weight is all zeros: it might be because of a missing initialization
3: WARNING 26-09-09 18:19:33.779044 - 0:00:35 - Model parameter encoder.transformer.layers.4.ff.net.3.weight is all zeros: it might be because of a missing initialization
3: WARNING 26-09-09 18:19:33.779044 - 0:00:35 - Model parameter encoder.transformer.layers.4.ff.net.3.weight is all zeros: it might be because of a missing initialization
2: WARNING 26-09-09 18:19:33.779273 - 0:00:35 - Model parameter encoder.transformer.layers.3.ff.net.1.weight is all zeros: it might be because of a missing initialization
2: WARNING 26-09-09 18:19:33.779273 - 0:00:35 - Model parameter encoder.transformer.layers.3.ff.net.1.weight is all zeros: it might be because of a missing initialization
3: WARNING 26-09-09 18:19:33.779362 - 0:00:35 - Model parameter encoder.transformer.layers.5.attn.norm.weight is all zeros: it might be because of a missing initialization
3: WARNING 26-09-09 18:19:33.779362 - 0:00:35 - Model parameter encoder.transformer.layers.5.attn.norm.weight is all zeros: it might be because of a missing initialization
2: WARNING 26-09-09 18:19:33.779639 - 0:00:35 - Model parameter encoder.transformer.layers.3.ff.net.3.weight is all zeros: it might be because of a missing initialization
2: WARNING 26-09-09 18:19:33.779639 - 0:00:35 - Model parameter encoder.transformer.layers.3.ff.net.3.weight is all zeros: it might be because of a missing initialization
3: WARNING 26-09-09 18:19:33.779738 - 0:00:35 - Model parameter encoder.transformer.layers.5.attn.to_qkv.weight is all zeros: it might be because of a missing initialization
3: WARNING 26-09-09 18:19:33.779738 - 0:00:35 - Model parameter encoder.transformer.layers.5.attn.to_qkv.weight is all zeros: it might be because of a missing initialization
2: WARNING 26-09-09 18:19:33.779951 - 0:00:35 - Model parameter encoder.transformer.layers.4.attn.norm.weight is all zeros: it might be because of a missing initialization
2: WARNING 26-09-09 18:19:33.779951 - 0:00:35 - Model parameter encoder.transformer.layers.4.attn.norm.weight is all zeros: it might be because of a missing initialization
3: WARNING 26-09-09 18:19:33.780092 - 0:00:35 - Model parameter encoder.transformer.layers.5.attn.to_out.weight is all zeros: it might be because of a missing initialization
3: WARNING 26-09-09 18:19:33.780092 - 0:00:35 - Model parameter encoder.transformer.layers.5.attn.to_out.weight is all zeros: it might be because of a missing initialization
2: WARNING 26-09-09 18:19:33.780301 - 0:00:35 - Model parameter encoder.transformer.layers.4.attn.to_qkv.weight is all zeros: it might be because of a missing initialization
2: WARNING 26-09-09 18:19:33.780301 - 0:00:35 - Model parameter encoder.transformer.layers.4.attn.to_qkv.weight is all zeros: it might be because of a missing initialization
3: WARNING 26-09-09 18:19:33.780410 - 0:00:35 - Model parameter encoder.transformer.layers.5.ff.net.0.weight is all zeros: it might be because of a missing initialization
3: WARNING 26-09-09 18:19:33.780410 - 0:00:35 - Model parameter encoder.transformer.layers.5.ff.net.0.weight is all zeros: it might be because of a missing initialization
2: WARNING 26-09-09 18:19:33.780662 - 0:00:35 - Model parameter encoder.transformer.layers.4.attn.to_out.weight is all zeros: it might be because of a missing initialization
2: WARNING 26-09-09 18:19:33.780662 - 0:00:35 - Model parameter encoder.transformer.layers.4.attn.to_out.weight is all zeros: it might be because of a missing initialization
3: WARNING 26-09-09 18:19:33.780783 - 0:00:35 - Model parameter encoder.transformer.layers.5.ff.net.1.weight is all zeros: it might be because of a missing initialization
3: WARNING 26-09-09 18:19:33.780783 - 0:00:35 - Model parameter encoder.transformer.layers.5.ff.net.1.weight is all zeros: it might be because of a missing initialization
2: WARNING 26-09-09 18:19:33.780980 - 0:00:35 - Model parameter encoder.transformer.layers.4.ff.net.0.weight is all zeros: it might be because of a missing initialization
3: WARNING 26-09-09 18:19:33.781150 - 0:00:35 - Model parameter encoder.transformer.layers.5.ff.net.3.weight is all zeros: it might be because of a missing initialization
0: WARNING 26-09-09 18:19:33.781371 - 0:00:35 - Model parameter decoder.layers.7.ff.net.3.weight is all zeros: it might be because of a missing initialization
2: WARNING 26-09-09 18:19:33.780980 - 0:00:35 - Model parameter encoder.transformer.layers.4.ff.net.0.weight is all zeros: it might be because of a missing initialization
3: WARNING 26-09-09 18:19:33.781150 - 0:00:35 - Model parameter encoder.transformer.layers.5.ff.net.3.weight is all zeros: it might be because of a missing initialization
0: WARNING 26-09-09 18:19:33.781371 - 0:00:35 - Model parameter decoder.layers.7.ff.net.3.weight is all zeros: it might be because of a missing initialization
3: WARNING 26-09-09 18:19:33.784485 - 0:00:35 - Model parameter encoder.transformer.layers.6.attn.norm.weight is all zeros: it might be because of a missing initialization
2: WARNING 26-09-09 18:19:33.784501 - 0:00:35 - Model parameter encoder.transformer.layers.4.ff.net.1.weight is all zeros: it might be because of a missing initialization
3: WARNING 26-09-09 18:19:33.784485 - 0:00:35 - Model parameter encoder.transformer.layers.6.attn.norm.weight is all zeros: it might be because of a missing initialization
2: WARNING 26-09-09 18:19:33.784501 - 0:00:35 - Model parameter encoder.transformer.layers.4.ff.net.1.weight is all zeros: it might be because of a missing initialization
3: WARNING 26-09-09 18:19:33.784863 - 0:00:35 - Model parameter encoder.transformer.layers.6.attn.to_qkv.weight is all zeros: it might be because of a missing initialization
2: WARNING 26-09-09 18:19:33.784867 - 0:00:35 - Model parameter encoder.transformer.layers.4.ff.net.3.weight is all zeros: it might be because of a missing initialization
3: WARNING 26-09-09 18:19:33.784863 - 0:00:35 - Model parameter encoder.transformer.layers.6.attn.to_qkv.weight is all zeros: it might be because of a missing initialization
2: WARNING 26-09-09 18:19:33.784867 - 0:00:35 - Model parameter encoder.transformer.layers.4.ff.net.3.weight is all zeros: it might be because of a missing initialization
2: WARNING 26-09-09 18:19:33.785178 - 0:00:35 - Model parameter encoder.transformer.layers.5.attn.norm.weight is all zeros: it might be because of a missing initialization
2: WARNING 26-09-09 18:19:33.785178 - 0:00:35 - Model parameter encoder.transformer.layers.5.attn.norm.weight is all zeros: it might be because of a missing initialization
3: WARNING 26-09-09 18:19:33.785235 - 0:00:35 - Model parameter encoder.transformer.layers.6.attn.to_out.weight is all zeros: it might be because of a missing initialization
3: WARNING 26-09-09 18:19:33.785235 - 0:00:35 - Model parameter encoder.transformer.layers.6.attn.to_out.weight is all zeros: it might be because of a missing initialization
2: WARNING 26-09-09 18:19:33.785528 - 0:00:35 - Model parameter encoder.transformer.layers.5.attn.to_qkv.weight is all zeros: it might be because of a missing initialization
2: WARNING 26-09-09 18:19:33.785528 - 0:00:35 - Model parameter encoder.transformer.layers.5.attn.to_qkv.weight is all zeros: it might be because of a missing initialization
3: WARNING 26-09-09 18:19:33.785574 - 0:00:35 - Model parameter encoder.transformer.layers.6.ff.net.0.weight is all zeros: it might be because of a missing initialization
3: WARNING 26-09-09 18:19:33.785574 - 0:00:35 - Model parameter encoder.transformer.layers.6.ff.net.0.weight is all zeros: it might be because of a missing initialization
2: WARNING 26-09-09 18:19:33.785884 - 0:00:35 - Model parameter encoder.transformer.layers.5.attn.to_out.weight is all zeros: it might be because of a missing initialization
2: WARNING 26-09-09 18:19:33.785884 - 0:00:35 - Model parameter encoder.transformer.layers.5.attn.to_out.weight is all zeros: it might be because of a missing initialization
3: WARNING 26-09-09 18:19:33.785951 - 0:00:35 - Model parameter encoder.transformer.layers.6.ff.net.1.weight is all zeros: it might be because of a missing initialization
3: WARNING 26-09-09 18:19:33.785951 - 0:00:35 - Model parameter encoder.transformer.layers.6.ff.net.1.weight is all zeros: it might be because of a missing initialization
2: WARNING 26-09-09 18:19:33.786211 - 0:00:35 - Model parameter encoder.transformer.layers.5.ff.net.0.weight is all zeros: it might be because of a missing initialization
2: WARNING 26-09-09 18:19:33.786211 - 0:00:35 - Model parameter encoder.transformer.layers.5.ff.net.0.weight is all zeros: it might be because of a missing initialization
3: WARNING 26-09-09 18:19:33.786325 - 0:00:35 - Model parameter encoder.transformer.layers.6.ff.net.3.weight is all zeros: it might be because of a missing initialization
3: WARNING 26-09-09 18:19:33.786325 - 0:00:35 - Model parameter encoder.transformer.layers.6.ff.net.3.weight is all zeros: it might be because of a missing initialization
2: WARNING 26-09-09 18:19:33.786589 - 0:00:35 - Model parameter encoder.transformer.layers.5.ff.net.1.weight is all zeros: it might be because of a missing initialization
2: WARNING 26-09-09 18:19:33.786589 - 0:00:35 - Model parameter encoder.transformer.layers.5.ff.net.1.weight is all zeros: it might be because of a missing initialization
3: WARNING 26-09-09 18:19:33.786661 - 0:00:35 - Model parameter encoder.transformer.layers.7.attn.norm.weight is all zeros: it might be because of a missing initialization
3: WARNING 26-09-09 18:19:33.786661 - 0:00:35 - Model parameter encoder.transformer.layers.7.attn.norm.weight is all zeros: it might be because of a missing initialization
2: WARNING 26-09-09 18:19:33.786975 - 0:00:35 - Model parameter encoder.transformer.layers.5.ff.net.3.weight is all zeros: it might be because of a missing initialization
2: WARNING 26-09-09 18:19:33.786975 - 0:00:35 - Model parameter encoder.transformer.layers.5.ff.net.3.weight is all zeros: it might be because of a missing initialization
3: WARNING 26-09-09 18:19:33.787031 - 0:00:35 - Model parameter encoder.transformer.layers.7.attn.to_qkv.weight is all zeros: it might be because of a missing initialization
3: WARNING 26-09-09 18:19:33.787031 - 0:00:35 - Model parameter encoder.transformer.layers.7.attn.to_qkv.weight is all zeros: it might be because of a missing initialization
2: WARNING 26-09-09 18:19:33.787308 - 0:00:35 - Model parameter encoder.transformer.layers.6.attn.norm.weight is all zeros: it might be because of a missing initialization
3: WARNING 26-09-09 18:19:33.787402 - 0:00:35 - Model parameter encoder.transformer.layers.7.attn.to_out.weight is all zeros: it might be because of a missing initialization
0: WARNING 26-09-09 18:19:33.787604 - 0:00:35 - Model parameter to_pixels.weight is all zeros: it might be because of a missing initialization
2: WARNING 26-09-09 18:19:33.787308 - 0:00:35 - Model parameter encoder.transformer.layers.6.attn.norm.weight is all zeros: it might be because of a missing initialization
0: WARNING 26-09-09 18:19:33.787604 - 0:00:35 - Model parameter to_pixels.weight is all zeros: it might be because of a missing initialization
3: WARNING 26-09-09 18:19:33.787402 - 0:00:35 - Model parameter encoder.transformer.layers.7.attn.to_out.weight is all zeros: it might be because of a missing initialization
2: WARNING 26-09-09 18:19:33.790531 - 0:00:35 - Model parameter encoder.transformer.layers.6.attn.to_qkv.weight is all zeros: it might be because of a missing initialization
2: WARNING 26-09-09 18:19:33.790531 - 0:00:35 - Model parameter encoder.transformer.layers.6.attn.to_qkv.weight is all zeros: it might be because of a missing initialization
3: WARNING 26-09-09 18:19:33.790763 - 0:00:35 - Model parameter encoder.transformer.layers.7.ff.net.0.weight is all zeros: it might be because of a missing initialization
3: WARNING 26-09-09 18:19:33.790763 - 0:00:35 - Model parameter encoder.transformer.layers.7.ff.net.0.weight is all zeros: it might be because of a missing initialization
2: WARNING 26-09-09 18:19:33.790912 - 0:00:35 - Model parameter encoder.transformer.layers.6.attn.to_out.weight is all zeros: it might be because of a missing initialization
2: WARNING 26-09-09 18:19:33.790912 - 0:00:35 - Model parameter encoder.transformer.layers.6.attn.to_out.weight is all zeros: it might be because of a missing initialization
3: WARNING 26-09-09 18:19:33.791202 - 0:00:35 - Model parameter encoder.transformer.layers.7.ff.net.1.weight is all zeros: it might be because of a missing initialization
2: WARNING 26-09-09 18:19:33.791234 - 0:00:35 - Model parameter encoder.transformer.layers.6.ff.net.0.weight is all zeros: it might be because of a missing initialization
3: WARNING 26-09-09 18:19:33.791202 - 0:00:35 - Model parameter encoder.transformer.layers.7.ff.net.1.weight is all zeros: it might be because of a missing initialization
2: WARNING 26-09-09 18:19:33.791234 - 0:00:35 - Model parameter encoder.transformer.layers.6.ff.net.0.weight is all zeros: it might be because of a missing initialization
3: WARNING 26-09-09 18:19:33.791600 - 0:00:35 - Model parameter encoder.transformer.layers.7.ff.net.3.weight is all zeros: it might be because of a missing initialization
2: WARNING 26-09-09 18:19:33.791606 - 0:00:35 - Model parameter encoder.transformer.layers.6.ff.net.1.weight is all zeros: it might be because of a missing initialization
3: WARNING 26-09-09 18:19:33.791600 - 0:00:35 - Model parameter encoder.transformer.layers.7.ff.net.3.weight is all zeros: it might be because of a missing initialization
2: WARNING 26-09-09 18:19:33.791606 - 0:00:35 - Model parameter encoder.transformer.layers.6.ff.net.1.weight is all zeros: it might be because of a missing initialization
3: WARNING 26-09-09 18:19:33.791935 - 0:00:35 - Model parameter encoder.transformer.layers.8.attn.norm.weight is all zeros: it might be because of a missing initialization
3: WARNING 26-09-09 18:19:33.791935 - 0:00:35 - Model parameter encoder.transformer.layers.8.attn.norm.weight is all zeros: it might be because of a missing initialization
2: WARNING 26-09-09 18:19:33.791975 - 0:00:35 - Model parameter encoder.transformer.layers.6.ff.net.3.weight is all zeros: it might be because of a missing initialization
2: WARNING 26-09-09 18:19:33.791975 - 0:00:35 - Model parameter encoder.transformer.layers.6.ff.net.3.weight is all zeros: it might be because of a missing initialization
2: WARNING 26-09-09 18:19:33.792288 - 0:00:35 - Model parameter encoder.transformer.layers.7.attn.norm.weight is all zeros: it might be because of a missing initialization
3: WARNING 26-09-09 18:19:33.792298 - 0:00:35 - Model parameter encoder.transformer.layers.8.attn.to_qkv.weight is all zeros: it might be because of a missing initialization
2: WARNING 26-09-09 18:19:33.792288 - 0:00:35 - Model parameter encoder.transformer.layers.7.attn.norm.weight is all zeros: it might be because of a missing initialization
3: WARNING 26-09-09 18:19:33.792298 - 0:00:35 - Model parameter encoder.transformer.layers.8.attn.to_qkv.weight is all zeros: it might be because of a missing initialization
2: WARNING 26-09-09 18:19:33.792659 - 0:00:35 - Model parameter encoder.transformer.layers.7.attn.to_qkv.weight is all zeros: it might be because of a missing initialization
3: WARNING 26-09-09 18:19:33.792673 - 0:00:35 - Model parameter encoder.transformer.layers.8.attn.to_out.weight is all zeros: it might be because of a missing initialization
2: WARNING 26-09-09 18:19:33.792659 - 0:00:35 - Model parameter encoder.transformer.layers.7.attn.to_qkv.weight is all zeros: it might be because of a missing initialization
3: WARNING 26-09-09 18:19:33.792673 - 0:00:35 - Model parameter encoder.transformer.layers.8.attn.to_out.weight is all zeros: it might be because of a missing initialization
0: WARNING 26-09-09 18:19:33.793027 - 0:00:35 - Model parameter to_pixels.bias is all zeros: it might be because of a missing initialization
0: WARNING 26-09-09 18:19:33.793027 - 0:00:35 - Model parameter to_pixels.bias is all zeros: it might be because of a missing initialization
3: WARNING 26-09-09 18:19:33.796181 - 0:00:35 - Model parameter encoder.transformer.layers.8.ff.net.0.weight is all zeros: it might be because of a missing initialization
2: WARNING 26-09-09 18:19:33.796205 - 0:00:35 - Model parameter encoder.transformer.layers.7.attn.to_out.weight is all zeros: it might be because of a missing initialization
3: WARNING 26-09-09 18:19:33.796181 - 0:00:35 - Model parameter encoder.transformer.layers.8.ff.net.0.weight is all zeros: it might be because of a missing initialization
2: WARNING 26-09-09 18:19:33.796205 - 0:00:35 - Model parameter encoder.transformer.layers.7.attn.to_out.weight is all zeros: it might be because of a missing initialization
2: WARNING 26-09-09 18:19:33.796548 - 0:00:35 - Model parameter encoder.transformer.layers.7.ff.net.0.weight is all zeros: it might be because of a missing initialization
3: WARNING 26-09-09 18:19:33.796562 - 0:00:35 - Model parameter encoder.transformer.layers.8.ff.net.1.weight is all zeros: it might be because of a missing initialization
2: WARNING 26-09-09 18:19:33.796548 - 0:00:35 - Model parameter encoder.transformer.layers.7.ff.net.0.weight is all zeros: it might be because of a missing initialization
3: WARNING 26-09-09 18:19:33.796562 - 0:00:35 - Model parameter encoder.transformer.layers.8.ff.net.1.weight is all zeros: it might be because of a missing initialization
2: WARNING 26-09-09 18:19:33.796921 - 0:00:35 - Model parameter encoder.transformer.layers.7.ff.net.1.weight is all zeros: it might be because of a missing initialization
3: WARNING 26-09-09 18:19:33.796930 - 0:00:35 - Model parameter encoder.transformer.layers.8.ff.net.3.weight is all zeros: it might be because of a missing initialization
2: WARNING 26-09-09 18:19:33.796921 - 0:00:35 - Model parameter encoder.transformer.layers.7.ff.net.1.weight is all zeros: it might be because of a missing initialization
3: WARNING 26-09-09 18:19:33.796930 - 0:00:35 - Model parameter encoder.transformer.layers.8.ff.net.3.weight is all zeros: it might be because of a missing initialization
3: WARNING 26-09-09 18:19:33.797245 - 0:00:35 - Model parameter encoder.transformer.layers.9.attn.norm.weight is all zeros: it might be because of a missing initialization
3: WARNING 26-09-09 18:19:33.797245 - 0:00:35 - Model parameter encoder.transformer.layers.9.attn.norm.weight is all zeros: it might be because of a missing initialization
2: WARNING 26-09-09 18:19:33.797283 - 0:00:35 - Model parameter encoder.transformer.layers.7.ff.net.3.weight is all zeros: it might be because of a missing initialization
2: WARNING 26-09-09 18:19:33.797283 - 0:00:35 - Model parameter encoder.transformer.layers.7.ff.net.3.weight is all zeros: it might be because of a missing initialization
2: WARNING 26-09-09 18:19:33.797612 - 0:00:35 - Model parameter encoder.transformer.layers.8.attn.norm.weight is all zeros: it might be because of a missing initialization
3: WARNING 26-09-09 18:19:33.797616 - 0:00:35 - Model parameter encoder.transformer.layers.9.attn.to_qkv.weight is all zeros: it might be because of a missing initialization
2: WARNING 26-09-09 18:19:33.797612 - 0:00:35 - Model parameter encoder.transformer.layers.8.attn.norm.weight is all zeros: it might be because of a missing initialization
3: WARNING 26-09-09 18:19:33.797616 - 0:00:35 - Model parameter encoder.transformer.layers.9.attn.to_qkv.weight is all zeros: it might be because of a missing initialization
3: WARNING 26-09-09 18:19:33.797975 - 0:00:35 - Model parameter encoder.transformer.layers.9.attn.to_out.weight is all zeros: it might be because of a missing initialization
2: WARNING 26-09-09 18:19:33.797975 - 0:00:35 - Model parameter encoder.transformer.layers.8.attn.to_qkv.weight is all zeros: it might be because of a missing initialization
3: WARNING 26-09-09 18:19:33.797975 - 0:00:35 - Model parameter encoder.transformer.layers.9.attn.to_out.weight is all zeros: it might be because of a missing initialization
2: WARNING 26-09-09 18:19:33.797975 - 0:00:35 - Model parameter encoder.transformer.layers.8.attn.to_qkv.weight is all zeros: it might be because of a missing initialization
3: WARNING 26-09-09 18:19:33.798316 - 0:00:35 - Model parameter encoder.transformer.layers.9.ff.net.0.weight is all zeros: it might be because of a missing initialization
3: WARNING 26-09-09 18:19:33.798316 - 0:00:35 - Model parameter encoder.transformer.layers.9.ff.net.0.weight is all zeros: it might be because of a missing initialization
2: WARNING 26-09-09 18:19:33.798567 - 0:00:35 - Model parameter encoder.transformer.layers.8.attn.to_out.weight is all zeros: it might be because of a missing initialization
2: WARNING 26-09-09 18:19:33.798567 - 0:00:35 - Model parameter encoder.transformer.layers.8.attn.to_out.weight is all zeros: it might be because of a missing initialization
3: WARNING 26-09-09 18:19:33.798693 - 0:00:35 - Model parameter encoder.transformer.layers.9.ff.net.1.weight is all zeros: it might be because of a missing initialization
3: WARNING 26-09-09 18:19:33.798693 - 0:00:35 - Model parameter encoder.transformer.layers.9.ff.net.1.weight is all zeros: it might be because of a missing initialization
2: WARNING 26-09-09 18:19:33.799035 - 0:00:35 - Model parameter encoder.transformer.layers.8.ff.net.0.weight is all zeros: it might be because of a missing initialization
3: WARNING 26-09-09 18:19:33.799068 - 0:00:35 - Model parameter encoder.transformer.layers.9.ff.net.3.weight is all zeros: it might be because of a missing initialization
2: WARNING 26-09-09 18:19:33.799035 - 0:00:35 - Model parameter encoder.transformer.layers.8.ff.net.0.weight is all zeros: it might be because of a missing initialization
3: WARNING 26-09-09 18:19:33.799068 - 0:00:35 - Model parameter encoder.transformer.layers.9.ff.net.3.weight is all zeros: it might be because of a missing initialization
3: WARNING 26-09-09 18:19:33.799385 - 0:00:35 - Model parameter encoder.transformer.layers.10.attn.norm.weight is all zeros: it might be because of a missing initialization
3: WARNING 26-09-09 18:19:33.799385 - 0:00:35 - Model parameter encoder.transformer.layers.10.attn.norm.weight is all zeros: it might be because of a missing initialization
2: WARNING 26-09-09 18:19:33.799427 - 0:00:35 - Model parameter encoder.transformer.layers.8.ff.net.1.weight is all zeros: it might be because of a missing initialization
2: WARNING 26-09-09 18:19:33.799427 - 0:00:35 - Model parameter encoder.transformer.layers.8.ff.net.1.weight is all zeros: it might be because of a missing initialization
3: WARNING 26-09-09 18:19:33.799752 - 0:00:35 - Model parameter encoder.transformer.layers.10.attn.to_qkv.weight is all zeros: it might be because of a missing initialization
3: WARNING 26-09-09 18:19:33.799752 - 0:00:35 - Model parameter encoder.transformer.layers.10.attn.to_qkv.weight is all zeros: it might be because of a missing initialization
2: WARNING 26-09-09 18:19:33.799797 - 0:00:35 - Model parameter encoder.transformer.layers.8.ff.net.3.weight is all zeros: it might be because of a missing initialization
2: WARNING 26-09-09 18:19:33.799797 - 0:00:35 - Model parameter encoder.transformer.layers.8.ff.net.3.weight is all zeros: it might be because of a missing initialization
3: WARNING 26-09-09 18:19:33.800100 - 0:00:35 - Model parameter encoder.transformer.layers.10.attn.to_out.weight is all zeros: it might be because of a missing initialization
2: WARNING 26-09-09 18:19:33.800115 - 0:00:35 - Model parameter encoder.transformer.layers.9.attn.norm.weight is all zeros: it might be because of a missing initialization
3: WARNING 26-09-09 18:19:33.800100 - 0:00:35 - Model parameter encoder.transformer.layers.10.attn.to_out.weight is all zeros: it might be because of a missing initialization
2: WARNING 26-09-09 18:19:33.800115 - 0:00:35 - Model parameter encoder.transformer.layers.9.attn.norm.weight is all zeros: it might be because of a missing initialization
3: WARNING 26-09-09 18:19:33.800430 - 0:00:35 - Model parameter encoder.transformer.layers.10.ff.net.0.weight is all zeros: it might be because of a missing initialization
2: WARNING 26-09-09 18:19:33.800491 - 0:00:35 - Model parameter encoder.transformer.layers.9.attn.to_qkv.weight is all zeros: it might be because of a missing initialization
0: WARNING 26-09-09 18:19:33.800824 - 0:00:35 - Model parameter cls_to_pixels.0.weight is all zeros: it might be because of a missing initialization
3: WARNING 26-09-09 18:19:33.800430 - 0:00:35 - Model parameter encoder.transformer.layers.10.ff.net.0.weight is all zeros: it might be because of a missing initialization
2: WARNING 26-09-09 18:19:33.800491 - 0:00:35 - Model parameter encoder.transformer.layers.9.attn.to_qkv.weight is all zeros: it might be because of a missing initialization
0: WARNING 26-09-09 18:19:33.800824 - 0:00:35 - Model parameter cls_to_pixels.0.weight is all zeros: it might be because of a missing initialization
3: WARNING 26-09-09 18:19:33.807519 - 0:00:35 - Model parameter encoder.transformer.layers.10.ff.net.1.weight is all zeros: it might be because of a missing initialization
3: WARNING 26-09-09 18:19:33.807519 - 0:00:35 - Model parameter encoder.transformer.layers.10.ff.net.1.weight is all zeros: it might be because of a missing initialization
2: WARNING 26-09-09 18:19:33.807554 - 0:00:35 - Model parameter encoder.transformer.layers.9.attn.to_out.weight is all zeros: it might be because of a missing initialization
2: WARNING 26-09-09 18:19:33.807554 - 0:00:35 - Model parameter encoder.transformer.layers.9.attn.to_out.weight is all zeros: it might be because of a missing initialization
2: WARNING 26-09-09 18:19:33.807880 - 0:00:35 - Model parameter encoder.transformer.layers.9.ff.net.0.weight is all zeros: it might be because of a missing initialization
3: WARNING 26-09-09 18:19:33.807882 - 0:00:35 - Model parameter encoder.transformer.layers.10.ff.net.3.weight is all zeros: it might be because of a missing initialization
2: WARNING 26-09-09 18:19:33.807880 - 0:00:35 - Model parameter encoder.transformer.layers.9.ff.net.0.weight is all zeros: it might be because of a missing initialization
3: WARNING 26-09-09 18:19:33.807882 - 0:00:35 - Model parameter encoder.transformer.layers.10.ff.net.3.weight is all zeros: it might be because of a missing initialization
3: WARNING 26-09-09 18:19:33.808203 - 0:00:35 - Model parameter encoder.transformer.layers.11.attn.norm.weight is all zeros: it might be because of a missing initialization
3: WARNING 26-09-09 18:19:33.808203 - 0:00:35 - Model parameter encoder.transformer.layers.11.attn.norm.weight is all zeros: it might be because of a missing initialization
2: WARNING 26-09-09 18:19:33.808242 - 0:00:35 - Model parameter encoder.transformer.layers.9.ff.net.1.weight is all zeros: it might be because of a missing initialization
2: WARNING 26-09-09 18:19:33.808242 - 0:00:35 - Model parameter encoder.transformer.layers.9.ff.net.1.weight is all zeros: it might be because of a missing initialization
3: WARNING 26-09-09 18:19:33.808577 - 0:00:35 - Model parameter encoder.transformer.layers.11.attn.to_qkv.weight is all zeros: it might be because of a missing initialization
3: WARNING 26-09-09 18:19:33.808577 - 0:00:35 - Model parameter encoder.transformer.layers.11.attn.to_qkv.weight is all zeros: it might be because of a missing initialization
2: WARNING 26-09-09 18:19:33.808616 - 0:00:35 - Model parameter encoder.transformer.layers.9.ff.net.3.weight is all zeros: it might be because of a missing initialization
2: WARNING 26-09-09 18:19:33.808616 - 0:00:35 - Model parameter encoder.transformer.layers.9.ff.net.3.weight is all zeros: it might be because of a missing initialization
2: WARNING 26-09-09 18:19:33.808934 - 0:00:35 - Model parameter encoder.transformer.layers.10.attn.norm.weight is all zeros: it might be because of a missing initialization
3: WARNING 26-09-09 18:19:33.808945 - 0:00:35 - Model parameter encoder.transformer.layers.11.attn.to_out.weight is all zeros: it might be because of a missing initialization
2: WARNING 26-09-09 18:19:33.808934 - 0:00:35 - Model parameter encoder.transformer.layers.10.attn.norm.weight is all zeros: it might be because of a missing initialization
3: WARNING 26-09-09 18:19:33.808945 - 0:00:35 - Model parameter encoder.transformer.layers.11.attn.to_out.weight is all zeros: it might be because of a missing initialization
3: WARNING 26-09-09 18:19:33.809269 - 0:00:35 - Model parameter encoder.transformer.layers.11.ff.net.0.weight is all zeros: it might be because of a missing initialization
3: WARNING 26-09-09 18:19:33.809269 - 0:00:35 - Model parameter encoder.transformer.layers.11.ff.net.0.weight is all zeros: it might be because of a missing initialization
2: WARNING 26-09-09 18:19:33.809300 - 0:00:35 - Model parameter encoder.transformer.layers.10.attn.to_qkv.weight is all zeros: it might be because of a missing initialization
2: WARNING 26-09-09 18:19:33.809300 - 0:00:35 - Model parameter encoder.transformer.layers.10.attn.to_qkv.weight is all zeros: it might be because of a missing initialization
3: WARNING 26-09-09 18:19:33.809639 - 0:00:35 - Model parameter encoder.transformer.layers.11.ff.net.1.weight is all zeros: it might be because of a missing initialization
2: WARNING 26-09-09 18:19:33.809664 - 0:00:35 - Model parameter encoder.transformer.layers.10.attn.to_out.weight is all zeros: it might be because of a missing initialization
3: WARNING 26-09-09 18:19:33.809639 - 0:00:35 - Model parameter encoder.transformer.layers.11.ff.net.1.weight is all zeros: it might be because of a missing initialization
2: WARNING 26-09-09 18:19:33.809664 - 0:00:35 - Model parameter encoder.transformer.layers.10.attn.to_out.weight is all zeros: it might be because of a missing initialization
2: WARNING 26-09-09 18:19:33.809980 - 0:00:35 - Model parameter encoder.transformer.layers.10.ff.net.0.weight is all zeros: it might be because of a missing initialization
3: WARNING 26-09-09 18:19:33.810000 - 0:00:35 - Model parameter encoder.transformer.layers.11.ff.net.3.weight is all zeros: it might be because of a missing initialization
2: WARNING 26-09-09 18:19:33.809980 - 0:00:35 - Model parameter encoder.transformer.layers.10.ff.net.0.weight is all zeros: it might be because of a missing initialization
3: WARNING 26-09-09 18:19:33.810000 - 0:00:35 - Model parameter encoder.transformer.layers.11.ff.net.3.weight is all zeros: it might be because of a missing initialization
3: WARNING 26-09-09 18:19:33.810329 - 0:00:35 - Model parameter encoder.transformer.layers.12.attn.norm.weight is all zeros: it might be because of a missing initialization
3: WARNING 26-09-09 18:19:33.810329 - 0:00:35 - Model parameter encoder.transformer.layers.12.attn.norm.weight is all zeros: it might be because of a missing initialization
2: WARNING 26-09-09 18:19:33.810369 - 0:00:35 - Model parameter encoder.transformer.layers.10.ff.net.1.weight is all zeros: it might be because of a missing initialization
2: WARNING 26-09-09 18:19:33.810369 - 0:00:35 - Model parameter encoder.transformer.layers.10.ff.net.1.weight is all zeros: it might be because of a missing initialization
3: WARNING 26-09-09 18:19:33.810705 - 0:00:35 - Model parameter encoder.transformer.layers.12.attn.to_qkv.weight is all zeros: it might be because of a missing initialization
0: WARNING 26-09-09 18:19:33.810762 - 0:00:35 - Model parameter cls_to_pixels.2.weight is all zeros: it might be because of a missing initialization
3: WARNING 26-09-09 18:19:33.810705 - 0:00:35 - Model parameter encoder.transformer.layers.12.attn.to_qkv.weight is all zeros: it might be because of a missing initialization
0: WARNING 26-09-09 18:19:33.810762 - 0:00:35 - Model parameter cls_to_pixels.2.weight is all zeros: it might be because of a missing initialization
2: WARNING 26-09-09 18:19:33.814480 - 0:00:35 - Model parameter encoder.transformer.layers.10.ff.net.3.weight is all zeros: it might be because of a missing initialization
2: WARNING 26-09-09 18:19:33.814480 - 0:00:35 - Model parameter encoder.transformer.layers.10.ff.net.3.weight is all zeros: it might be because of a missing initialization
3: WARNING 26-09-09 18:19:33.814702 - 0:00:35 - Model parameter encoder.transformer.layers.12.attn.to_out.weight is all zeros: it might be because of a missing initialization
3: WARNING 26-09-09 18:19:33.814702 - 0:00:35 - Model parameter encoder.transformer.layers.12.attn.to_out.weight is all zeros: it might be because of a missing initialization
2: WARNING 26-09-09 18:19:33.814819 - 0:00:35 - Model parameter encoder.transformer.layers.11.attn.norm.weight is all zeros: it might be because of a missing initialization
2: WARNING 26-09-09 18:19:33.814819 - 0:00:35 - Model parameter encoder.transformer.layers.11.attn.norm.weight is all zeros: it might be because of a missing initialization
3: WARNING 26-09-09 18:19:33.815103 - 0:00:35 - Model parameter encoder.transformer.layers.12.ff.net.0.weight is all zeros: it might be because of a missing initialization
3: WARNING 26-09-09 18:19:33.815103 - 0:00:35 - Model parameter encoder.transformer.layers.12.ff.net.0.weight is all zeros: it might be because of a missing initialization
2: WARNING 26-09-09 18:19:33.815183 - 0:00:35 - Model parameter encoder.transformer.layers.11.attn.to_qkv.weight is all zeros: it might be because of a missing initialization
2: WARNING 26-09-09 18:19:33.815183 - 0:00:35 - Model parameter encoder.transformer.layers.11.attn.to_qkv.weight is all zeros: it might be because of a missing initialization
3: WARNING 26-09-09 18:19:33.815510 - 0:00:35 - Model parameter encoder.transformer.layers.12.ff.net.1.weight is all zeros: it might be because of a missing initialization
3: WARNING 26-09-09 18:19:33.815510 - 0:00:35 - Model parameter encoder.transformer.layers.12.ff.net.1.weight is all zeros: it might be because of a missing initialization
2: WARNING 26-09-09 18:19:33.815554 - 0:00:35 - Model parameter encoder.transformer.layers.11.attn.to_out.weight is all zeros: it might be because of a missing initialization
2: WARNING 26-09-09 18:19:33.815554 - 0:00:35 - Model parameter encoder.transformer.layers.11.attn.to_out.weight is all zeros: it might be because of a missing initialization
2: WARNING 26-09-09 18:19:33.815879 - 0:00:35 - Model parameter encoder.transformer.layers.11.ff.net.0.weight is all zeros: it might be because of a missing initialization
3: WARNING 26-09-09 18:19:33.815900 - 0:00:35 - Model parameter encoder.transformer.layers.12.ff.net.3.weight is all zeros: it might be because of a missing initialization
2: WARNING 26-09-09 18:19:33.815879 - 0:00:35 - Model parameter encoder.transformer.layers.11.ff.net.0.weight is all zeros: it might be because of a missing initialization
3: WARNING 26-09-09 18:19:33.815900 - 0:00:35 - Model parameter encoder.transformer.layers.12.ff.net.3.weight is all zeros: it might be because of a missing initialization
3: WARNING 26-09-09 18:19:33.816240 - 0:00:35 - Model parameter encoder.transformer.layers.13.attn.norm.weight is all zeros: it might be because of a missing initialization
2: WARNING 26-09-09 18:19:33.816259 - 0:00:35 - Model parameter encoder.transformer.layers.11.ff.net.1.weight is all zeros: it might be because of a missing initialization
3: WARNING 26-09-09 18:19:33.816240 - 0:00:35 - Model parameter encoder.transformer.layers.13.attn.norm.weight is all zeros: it might be because of a missing initialization
2: WARNING 26-09-09 18:19:33.816259 - 0:00:35 - Model parameter encoder.transformer.layers.11.ff.net.1.weight is all zeros: it might be because of a missing initialization
2: WARNING 26-09-09 18:19:33.816635 - 0:00:35 - Model parameter encoder.transformer.layers.11.ff.net.3.weight is all zeros: it might be because of a missing initialization
3: WARNING 26-09-09 18:19:33.816643 - 0:00:35 - Model parameter encoder.transformer.layers.13.attn.to_qkv.weight is all zeros: it might be because of a missing initialization
2: WARNING 26-09-09 18:19:33.816635 - 0:00:35 - Model parameter encoder.transformer.layers.11.ff.net.3.weight is all zeros: it might be because of a missing initialization
3: WARNING 26-09-09 18:19:33.816643 - 0:00:35 - Model parameter encoder.transformer.layers.13.attn.to_qkv.weight is all zeros: it might be because of a missing initialization
2: WARNING 26-09-09 18:19:33.816948 - 0:00:35 - Model parameter encoder.transformer.layers.12.attn.norm.weight is all zeros: it might be because of a missing initialization
2: WARNING 26-09-09 18:19:33.816948 - 0:00:35 - Model parameter encoder.transformer.layers.12.attn.norm.weight is all zeros: it might be because of a missing initialization
3: WARNING 26-09-09 18:19:33.817033 - 0:00:35 - Model parameter encoder.transformer.layers.13.attn.to_out.weight is all zeros: it might be because of a missing initialization
3: WARNING 26-09-09 18:19:33.817033 - 0:00:35 - Model parameter encoder.transformer.layers.13.attn.to_out.weight is all zeros: it might be because of a missing initialization
2: WARNING 26-09-09 18:19:33.817300 - 0:00:35 - Model parameter encoder.transformer.layers.12.attn.to_qkv.weight is all zeros: it might be because of a missing initialization
2: WARNING 26-09-09 18:19:33.817300 - 0:00:35 - Model parameter encoder.transformer.layers.12.attn.to_qkv.weight is all zeros: it might be because of a missing initialization
3: WARNING 26-09-09 18:19:33.817363 - 0:00:35 - Model parameter encoder.transformer.layers.13.ff.net.0.weight is all zeros: it might be because of a missing initialization
3: WARNING 26-09-09 18:19:33.817363 - 0:00:35 - Model parameter encoder.transformer.layers.13.ff.net.0.weight is all zeros: it might be because of a missing initialization
2: WARNING 26-09-09 18:19:33.817674 - 0:00:35 - Model parameter encoder.transformer.layers.12.attn.to_out.weight is all zeros: it might be because of a missing initialization
2: WARNING 26-09-09 18:19:33.817674 - 0:00:35 - Model parameter encoder.transformer.layers.12.attn.to_out.weight is all zeros: it might be because of a missing initialization
3: WARNING 26-09-09 18:19:33.817751 - 0:00:35 - Model parameter encoder.transformer.layers.13.ff.net.1.weight is all zeros: it might be because of a missing initialization
3: WARNING 26-09-09 18:19:33.817751 - 0:00:35 - Model parameter encoder.transformer.layers.13.ff.net.1.weight is all zeros: it might be because of a missing initialization
2: WARNING 26-09-09 18:19:33.817997 - 0:00:35 - Model parameter encoder.transformer.layers.12.ff.net.0.weight is all zeros: it might be because of a missing initialization
3: WARNING 26-09-09 18:19:33.818237 - 0:00:35 - Model parameter encoder.transformer.layers.13.ff.net.3.weight is all zeros: it might be because of a missing initialization
0: WARNING 26-09-09 18:19:33.818402 - 0:00:35 - Model parameter cls_to_pixels.2.bias is all zeros: it might be because of a missing initialization
2: WARNING 26-09-09 18:19:33.817997 - 0:00:35 - Model parameter encoder.transformer.layers.12.ff.net.0.weight is all zeros: it might be because of a missing initialization
3: WARNING 26-09-09 18:19:33.818237 - 0:00:35 - Model parameter encoder.transformer.layers.13.ff.net.3.weight is all zeros: it might be because of a missing initialization
0: WARNING 26-09-09 18:19:33.818402 - 0:00:35 - Model parameter cls_to_pixels.2.bias is all zeros: it might be because of a missing initialization
2: WARNING 26-09-09 18:19:33.824091 - 0:00:35 - Model parameter encoder.transformer.layers.12.ff.net.1.weight is all zeros: it might be because of a missing initialization
3: WARNING 26-09-09 18:19:33.824103 - 0:00:35 - Model parameter encoder.transformer.layers.14.attn.norm.weight is all zeros: it might be because of a missing initialization
2: WARNING 26-09-09 18:19:33.824091 - 0:00:35 - Model parameter encoder.transformer.layers.12.ff.net.1.weight is all zeros: it might be because of a missing initialization
3: WARNING 26-09-09 18:19:33.824103 - 0:00:35 - Model parameter encoder.transformer.layers.14.attn.norm.weight is all zeros: it might be because of a missing initialization
2: WARNING 26-09-09 18:19:33.824467 - 0:00:35 - Model parameter encoder.transformer.layers.12.ff.net.3.weight is all zeros: it might be because of a missing initialization
2: WARNING 26-09-09 18:19:33.824467 - 0:00:35 - Model parameter encoder.transformer.layers.12.ff.net.3.weight is all zeros: it might be because of a missing initialization
3: WARNING 26-09-09 18:19:33.824524 - 0:00:35 - Model parameter encoder.transformer.layers.14.attn.to_qkv.weight is all zeros: it might be because of a missing initialization
3: WARNING 26-09-09 18:19:33.824524 - 0:00:35 - Model parameter encoder.transformer.layers.14.attn.to_qkv.weight is all zeros: it might be because of a missing initialization
2: WARNING 26-09-09 18:19:33.824786 - 0:00:35 - Model parameter encoder.transformer.layers.13.attn.norm.weight is all zeros: it might be because of a missing initialization
2: WARNING 26-09-09 18:19:33.824786 - 0:00:35 - Model parameter encoder.transformer.layers.13.attn.norm.weight is all zeros: it might be because of a missing initialization
3: WARNING 26-09-09 18:19:33.824921 - 0:00:35 - Model parameter encoder.transformer.layers.14.attn.to_out.weight is all zeros: it might be because of a missing initialization
3: WARNING 26-09-09 18:19:33.824921 - 0:00:35 - Model parameter encoder.transformer.layers.14.attn.to_out.weight is all zeros: it might be because of a missing initialization
2: WARNING 26-09-09 18:19:33.825147 - 0:00:35 - Model parameter encoder.transformer.layers.13.attn.to_qkv.weight is all zeros: it might be because of a missing initialization
2: WARNING 26-09-09 18:19:33.825147 - 0:00:35 - Model parameter encoder.transformer.layers.13.attn.to_qkv.weight is all zeros: it might be because of a missing initialization
3: WARNING 26-09-09 18:19:33.825279 - 0:00:35 - Model parameter encoder.transformer.layers.14.ff.net.0.weight is all zeros: it might be because of a missing initialization
3: WARNING 26-09-09 18:19:33.825279 - 0:00:35 - Model parameter encoder.transformer.layers.14.ff.net.0.weight is all zeros: it might be because of a missing initialization
2: WARNING 26-09-09 18:19:33.825517 - 0:00:35 - Model parameter encoder.transformer.layers.13.attn.to_out.weight is all zeros: it might be because of a missing initialization
2: WARNING 26-09-09 18:19:33.825517 - 0:00:35 - Model parameter encoder.transformer.layers.13.attn.to_out.weight is all zeros: it might be because of a missing initialization
3: WARNING 26-09-09 18:19:33.825682 - 0:00:35 - Model parameter encoder.transformer.layers.14.ff.net.1.weight is all zeros: it might be because of a missing initialization
3: WARNING 26-09-09 18:19:33.825682 - 0:00:35 - Model parameter encoder.transformer.layers.14.ff.net.1.weight is all zeros: it might be because of a missing initialization
2: WARNING 26-09-09 18:19:33.825841 - 0:00:35 - Model parameter encoder.transformer.layers.13.ff.net.0.weight is all zeros: it might be because of a missing initialization
2: WARNING 26-09-09 18:19:33.825841 - 0:00:35 - Model parameter encoder.transformer.layers.13.ff.net.0.weight is all zeros: it might be because of a missing initialization
3: WARNING 26-09-09 18:19:33.826064 - 0:00:35 - Model parameter encoder.transformer.layers.14.ff.net.3.weight is all zeros: it might be because of a missing initialization
3: WARNING 26-09-09 18:19:33.826064 - 0:00:35 - Model parameter encoder.transformer.layers.14.ff.net.3.weight is all zeros: it might be because of a missing initialization
2: WARNING 26-09-09 18:19:33.826218 - 0:00:35 - Model parameter encoder.transformer.layers.13.ff.net.1.weight is all zeros: it might be because of a missing initialization
2: WARNING 26-09-09 18:19:33.826218 - 0:00:35 - Model parameter encoder.transformer.layers.13.ff.net.1.weight is all zeros: it might be because of a missing initialization
3: WARNING 26-09-09 18:19:33.826416 - 0:00:35 - Model parameter encoder.transformer.layers.15.attn.norm.weight is all zeros: it might be because of a missing initialization
3: WARNING 26-09-09 18:19:33.826416 - 0:00:35 - Model parameter encoder.transformer.layers.15.attn.norm.weight is all zeros: it might be because of a missing initialization
2: WARNING 26-09-09 18:19:33.826595 - 0:00:35 - Model parameter encoder.transformer.layers.13.ff.net.3.weight is all zeros: it might be because of a missing initialization
2: WARNING 26-09-09 18:19:33.826595 - 0:00:35 - Model parameter encoder.transformer.layers.13.ff.net.3.weight is all zeros: it might be because of a missing initialization
3: WARNING 26-09-09 18:19:33.826835 - 0:00:35 - Model parameter encoder.transformer.layers.15.attn.to_qkv.weight is all zeros: it might be because of a missing initialization
3: WARNING 26-09-09 18:19:33.826835 - 0:00:35 - Model parameter encoder.transformer.layers.15.attn.to_qkv.weight is all zeros: it might be because of a missing initialization
2: WARNING 26-09-09 18:19:33.826915 - 0:00:35 - Model parameter encoder.transformer.layers.14.attn.norm.weight is all zeros: it might be because of a missing initialization
2: WARNING 26-09-09 18:19:33.826915 - 0:00:35 - Model parameter encoder.transformer.layers.14.attn.norm.weight is all zeros: it might be because of a missing initialization
2: WARNING 26-09-09 18:19:33.827278 - 0:00:35 - Model parameter encoder.transformer.layers.14.attn.to_qkv.weight is all zeros: it might be because of a missing initialization
3: WARNING 26-09-09 18:19:33.827287 - 0:00:35 - Model parameter encoder.transformer.layers.15.attn.to_out.weight is all zeros: it might be because of a missing initialization
0: INFO    26-09-09 18:19:33.827795 - 0:00:35 - Model size: 95,871,888 total parameters
2: WARNING 26-09-09 18:19:33.827278 - 0:00:35 - Model parameter encoder.transformer.layers.14.attn.to_qkv.weight is all zeros: it might be because of a missing initialization
3: WARNING 26-09-09 18:19:33.827287 - 0:00:35 - Model parameter encoder.transformer.layers.15.attn.to_out.weight is all zeros: it might be because of a missing initialization
2: WARNING 26-09-09 18:19:33.830701 - 0:00:35 - Model parameter encoder.transformer.layers.14.attn.to_out.weight is all zeros: it might be because of a missing initialization
3: WARNING 26-09-09 18:19:33.830711 - 0:00:35 - Model parameter encoder.transformer.layers.15.ff.net.0.weight is all zeros: it might be because of a missing initialization
2: WARNING 26-09-09 18:19:33.830701 - 0:00:35 - Model parameter encoder.transformer.layers.14.attn.to_out.weight is all zeros: it might be because of a missing initialization
3: WARNING 26-09-09 18:19:33.830711 - 0:00:35 - Model parameter encoder.transformer.layers.15.ff.net.0.weight is all zeros: it might be because of a missing initialization
2: WARNING 26-09-09 18:19:33.831022 - 0:00:35 - Model parameter encoder.transformer.layers.14.ff.net.0.weight is all zeros: it might be because of a missing initialization
2: WARNING 26-09-09 18:19:33.831022 - 0:00:35 - Model parameter encoder.transformer.layers.14.ff.net.0.weight is all zeros: it might be because of a missing initialization
3: WARNING 26-09-09 18:19:33.831151 - 0:00:35 - Model parameter encoder.transformer.layers.15.ff.net.1.weight is all zeros: it might be because of a missing initialization
3: WARNING 26-09-09 18:19:33.831151 - 0:00:35 - Model parameter encoder.transformer.layers.15.ff.net.1.weight is all zeros: it might be because of a missing initialization
2: WARNING 26-09-09 18:19:33.831375 - 0:00:35 - Model parameter encoder.transformer.layers.14.ff.net.1.weight is all zeros: it might be because of a missing initialization
2: WARNING 26-09-09 18:19:33.831375 - 0:00:35 - Model parameter encoder.transformer.layers.14.ff.net.1.weight is all zeros: it might be because of a missing initialization
3: WARNING 26-09-09 18:19:33.831533 - 0:00:35 - Model parameter encoder.transformer.layers.15.ff.net.3.weight is all zeros: it might be because of a missing initialization
3: WARNING 26-09-09 18:19:33.831533 - 0:00:35 - Model parameter encoder.transformer.layers.15.ff.net.3.weight is all zeros: it might be because of a missing initialization
2: WARNING 26-09-09 18:19:33.831748 - 0:00:35 - Model parameter encoder.transformer.layers.14.ff.net.3.weight is all zeros: it might be because of a missing initialization
2: WARNING 26-09-09 18:19:33.831748 - 0:00:35 - Model parameter encoder.transformer.layers.14.ff.net.3.weight is all zeros: it might be because of a missing initialization
3: WARNING 26-09-09 18:19:33.831865 - 0:00:35 - Model parameter encoder.transformer.layers.16.attn.norm.weight is all zeros: it might be because of a missing initialization
3: WARNING 26-09-09 18:19:33.831865 - 0:00:35 - Model parameter encoder.transformer.layers.16.attn.norm.weight is all zeros: it might be because of a missing initialization
2: WARNING 26-09-09 18:19:33.832067 - 0:00:35 - Model parameter encoder.transformer.layers.15.attn.norm.weight is all zeros: it might be because of a missing initialization
2: WARNING 26-09-09 18:19:33.832067 - 0:00:35 - Model parameter encoder.transformer.layers.15.attn.norm.weight is all zeros: it might be because of a missing initialization
3: WARNING 26-09-09 18:19:33.832237 - 0:00:35 - Model parameter encoder.transformer.layers.16.attn.to_qkv.weight is all zeros: it might be because of a missing initialization
3: WARNING 26-09-09 18:19:33.832237 - 0:00:35 - Model parameter encoder.transformer.layers.16.attn.to_qkv.weight is all zeros: it might be because of a missing initialization
2: WARNING 26-09-09 18:19:33.832431 - 0:00:35 - Model parameter encoder.transformer.layers.15.attn.to_qkv.weight is all zeros: it might be because of a missing initialization
2: WARNING 26-09-09 18:19:33.832431 - 0:00:35 - Model parameter encoder.transformer.layers.15.attn.to_qkv.weight is all zeros: it might be because of a missing initialization
3: WARNING 26-09-09 18:19:33.832634 - 0:00:35 - Model parameter encoder.transformer.layers.16.attn.to_out.weight is all zeros: it might be because of a missing initialization
3: WARNING 26-09-09 18:19:33.832634 - 0:00:35 - Model parameter encoder.transformer.layers.16.attn.to_out.weight is all zeros: it might be because of a missing initialization
2: WARNING 26-09-09 18:19:33.832796 - 0:00:35 - Model parameter encoder.transformer.layers.15.attn.to_out.weight is all zeros: it might be because of a missing initialization
2: WARNING 26-09-09 18:19:33.832796 - 0:00:35 - Model parameter encoder.transformer.layers.15.attn.to_out.weight is all zeros: it might be because of a missing initialization
3: WARNING 26-09-09 18:19:33.832978 - 0:00:35 - Model parameter encoder.transformer.layers.16.ff.net.0.weight is all zeros: it might be because of a missing initialization
3: WARNING 26-09-09 18:19:33.832978 - 0:00:35 - Model parameter encoder.transformer.layers.16.ff.net.0.weight is all zeros: it might be because of a missing initialization
2: WARNING 26-09-09 18:19:33.833108 - 0:00:35 - Model parameter encoder.transformer.layers.15.ff.net.0.weight is all zeros: it might be because of a missing initialization
2: WARNING 26-09-09 18:19:33.833108 - 0:00:35 - Model parameter encoder.transformer.layers.15.ff.net.0.weight is all zeros: it might be because of a missing initialization
3: WARNING 26-09-09 18:19:33.833380 - 0:00:35 - Model parameter encoder.transformer.layers.16.ff.net.1.weight is all zeros: it might be because of a missing initialization
3: WARNING 26-09-09 18:19:33.833380 - 0:00:35 - Model parameter encoder.transformer.layers.16.ff.net.1.weight is all zeros: it might be because of a missing initialization
2: WARNING 26-09-09 18:19:33.833482 - 0:00:35 - Model parameter encoder.transformer.layers.15.ff.net.1.weight is all zeros: it might be because of a missing initialization
2: WARNING 26-09-09 18:19:33.833482 - 0:00:35 - Model parameter encoder.transformer.layers.15.ff.net.1.weight is all zeros: it might be because of a missing initialization
3: WARNING 26-09-09 18:19:33.833777 - 0:00:35 - Model parameter encoder.transformer.layers.16.ff.net.3.weight is all zeros: it might be because of a missing initialization
3: WARNING 26-09-09 18:19:33.833777 - 0:00:35 - Model parameter encoder.transformer.layers.16.ff.net.3.weight is all zeros: it might be because of a missing initialization
2: WARNING 26-09-09 18:19:33.833840 - 0:00:35 - Model parameter encoder.transformer.layers.15.ff.net.3.weight is all zeros: it might be because of a missing initialization
2: WARNING 26-09-09 18:19:33.833840 - 0:00:35 - Model parameter encoder.transformer.layers.15.ff.net.3.weight is all zeros: it might be because of a missing initialization
3: WARNING 26-09-09 18:19:33.834113 - 0:00:35 - Model parameter encoder.transformer.layers.17.attn.norm.weight is all zeros: it might be because of a missing initialization
3: WARNING 26-09-09 18:19:33.834113 - 0:00:35 - Model parameter encoder.transformer.layers.17.attn.norm.weight is all zeros: it might be because of a missing initialization
2: WARNING 26-09-09 18:19:33.834177 - 0:00:35 - Model parameter encoder.transformer.layers.16.attn.norm.weight is all zeros: it might be because of a missing initialization
2: WARNING 26-09-09 18:19:33.834177 - 0:00:35 - Model parameter encoder.transformer.layers.16.attn.norm.weight is all zeros: it might be because of a missing initialization
3: WARNING 26-09-09 18:19:33.834504 - 0:00:35 - Model parameter encoder.transformer.layers.17.attn.to_qkv.weight is all zeros: it might be because of a missing initialization
2: WARNING 26-09-09 18:19:33.834552 - 0:00:35 - Model parameter encoder.transformer.layers.16.attn.to_qkv.weight is all zeros: it might be because of a missing initialization
3: WARNING 26-09-09 18:19:33.834504 - 0:00:35 - Model parameter encoder.transformer.layers.17.attn.to_qkv.weight is all zeros: it might be because of a missing initialization
2: WARNING 26-09-09 18:19:33.834552 - 0:00:35 - Model parameter encoder.transformer.layers.16.attn.to_qkv.weight is all zeros: it might be because of a missing initialization
2: WARNING 26-09-09 18:19:33.834917 - 0:00:35 - Model parameter encoder.transformer.layers.16.attn.to_out.weight is all zeros: it might be because of a missing initialization
3: WARNING 26-09-09 18:19:33.834926 - 0:00:35 - Model parameter encoder.transformer.layers.17.attn.to_out.weight is all zeros: it might be because of a missing initialization
2: WARNING 26-09-09 18:19:33.834917 - 0:00:35 - Model parameter encoder.transformer.layers.16.attn.to_out.weight is all zeros: it might be because of a missing initialization
3: WARNING 26-09-09 18:19:33.834926 - 0:00:35 - Model parameter encoder.transformer.layers.17.attn.to_out.weight is all zeros: it might be because of a missing initialization
2: WARNING 26-09-09 18:19:33.835226 - 0:00:35 - Model parameter encoder.transformer.layers.16.ff.net.0.weight is all zeros: it might be because of a missing initialization
2: WARNING 26-09-09 18:19:33.835226 - 0:00:35 - Model parameter encoder.transformer.layers.16.ff.net.0.weight is all zeros: it might be because of a missing initialization
3: WARNING 26-09-09 18:19:33.835300 - 0:00:35 - Model parameter encoder.transformer.layers.17.ff.net.0.weight is all zeros: it might be because of a missing initialization
3: WARNING 26-09-09 18:19:33.835300 - 0:00:35 - Model parameter encoder.transformer.layers.17.ff.net.0.weight is all zeros: it might be because of a missing initialization
2: WARNING 26-09-09 18:19:33.835592 - 0:00:35 - Model parameter encoder.transformer.layers.16.ff.net.1.weight is all zeros: it might be because of a missing initialization
2: WARNING 26-09-09 18:19:33.835592 - 0:00:35 - Model parameter encoder.transformer.layers.16.ff.net.1.weight is all zeros: it might be because of a missing initialization
3: WARNING 26-09-09 18:19:33.835692 - 0:00:35 - Model parameter encoder.transformer.layers.17.ff.net.1.weight is all zeros: it might be because of a missing initialization
3: WARNING 26-09-09 18:19:33.835692 - 0:00:35 - Model parameter encoder.transformer.layers.17.ff.net.1.weight is all zeros: it might be because of a missing initialization
2: WARNING 26-09-09 18:19:33.835950 - 0:00:35 - Model parameter encoder.transformer.layers.16.ff.net.3.weight is all zeros: it might be because of a missing initialization
2: WARNING 26-09-09 18:19:33.835950 - 0:00:35 - Model parameter encoder.transformer.layers.16.ff.net.3.weight is all zeros: it might be because of a missing initialization
3: WARNING 26-09-09 18:19:33.836093 - 0:00:35 - Model parameter encoder.transformer.layers.17.ff.net.3.weight is all zeros: it might be because of a missing initialization
3: WARNING 26-09-09 18:19:33.836093 - 0:00:35 - Model parameter encoder.transformer.layers.17.ff.net.3.weight is all zeros: it might be because of a missing initialization
2: WARNING 26-09-09 18:19:33.836265 - 0:00:35 - Model parameter encoder.transformer.layers.17.attn.norm.weight is all zeros: it might be because of a missing initialization
2: WARNING 26-09-09 18:19:33.836265 - 0:00:35 - Model parameter encoder.transformer.layers.17.attn.norm.weight is all zeros: it might be because of a missing initialization
3: WARNING 26-09-09 18:19:33.836488 - 0:00:35 - Model parameter encoder.transformer.layers.18.attn.norm.weight is all zeros: it might be because of a missing initialization
3: WARNING 26-09-09 18:19:33.836488 - 0:00:35 - Model parameter encoder.transformer.layers.18.attn.norm.weight is all zeros: it might be because of a missing initialization
2: WARNING 26-09-09 18:19:33.836666 - 0:00:35 - Model parameter encoder.transformer.layers.17.attn.to_qkv.weight is all zeros: it might be because of a missing initialization
2: WARNING 26-09-09 18:19:33.836666 - 0:00:35 - Model parameter encoder.transformer.layers.17.attn.to_qkv.weight is all zeros: it might be because of a missing initialization
3: WARNING 26-09-09 18:19:33.836891 - 0:00:35 - Model parameter encoder.transformer.layers.18.attn.to_qkv.weight is all zeros: it might be because of a missing initialization
3: WARNING 26-09-09 18:19:33.836891 - 0:00:35 - Model parameter encoder.transformer.layers.18.attn.to_qkv.weight is all zeros: it might be because of a missing initialization
2: WARNING 26-09-09 18:19:33.837026 - 0:00:35 - Model parameter encoder.transformer.layers.17.attn.to_out.weight is all zeros: it might be because of a missing initialization
2: WARNING 26-09-09 18:19:33.837026 - 0:00:35 - Model parameter encoder.transformer.layers.17.attn.to_out.weight is all zeros: it might be because of a missing initialization
3: WARNING 26-09-09 18:19:33.837280 - 0:00:35 - Model parameter encoder.transformer.layers.18.attn.to_out.weight is all zeros: it might be because of a missing initialization
3: WARNING 26-09-09 18:19:33.837280 - 0:00:35 - Model parameter encoder.transformer.layers.18.attn.to_out.weight is all zeros: it might be because of a missing initialization
2: WARNING 26-09-09 18:19:33.837334 - 0:00:35 - Model parameter encoder.transformer.layers.17.ff.net.0.weight is all zeros: it might be because of a missing initialization
2: WARNING 26-09-09 18:19:33.837334 - 0:00:35 - Model parameter encoder.transformer.layers.17.ff.net.0.weight is all zeros: it might be because of a missing initialization
2: WARNING 26-09-09 18:19:33.837697 - 0:00:35 - Model parameter encoder.transformer.layers.17.ff.net.1.weight is all zeros: it might be because of a missing initialization
2: WARNING 26-09-09 18:19:33.837697 - 0:00:35 - Model parameter encoder.transformer.layers.17.ff.net.1.weight is all zeros: it might be because of a missing initialization
3: WARNING 26-09-09 18:19:33.837735 - 0:00:35 - Model parameter encoder.transformer.layers.18.ff.net.0.weight is all zeros: it might be because of a missing initialization
3: WARNING 26-09-09 18:19:33.837735 - 0:00:35 - Model parameter encoder.transformer.layers.18.ff.net.0.weight is all zeros: it might be because of a missing initialization
2: WARNING 26-09-09 18:19:33.838052 - 0:00:35 - Model parameter encoder.transformer.layers.17.ff.net.3.weight is all zeros: it might be because of a missing initialization
2: WARNING 26-09-09 18:19:33.838052 - 0:00:35 - Model parameter encoder.transformer.layers.17.ff.net.3.weight is all zeros: it might be because of a missing initialization
3: WARNING 26-09-09 18:19:33.838119 - 0:00:35 - Model parameter encoder.transformer.layers.18.ff.net.1.weight is all zeros: it might be because of a missing initialization
3: WARNING 26-09-09 18:19:33.838119 - 0:00:35 - Model parameter encoder.transformer.layers.18.ff.net.1.weight is all zeros: it might be because of a missing initialization
2: WARNING 26-09-09 18:19:33.838386 - 0:00:35 - Model parameter encoder.transformer.layers.18.attn.norm.weight is all zeros: it might be because of a missing initialization
2: WARNING 26-09-09 18:19:33.838386 - 0:00:35 - Model parameter encoder.transformer.layers.18.attn.norm.weight is all zeros: it might be because of a missing initialization
3: WARNING 26-09-09 18:19:33.838536 - 0:00:35 - Model parameter encoder.transformer.layers.18.ff.net.3.weight is all zeros: it might be because of a missing initialization
3: WARNING 26-09-09 18:19:33.838536 - 0:00:35 - Model parameter encoder.transformer.layers.18.ff.net.3.weight is all zeros: it might be because of a missing initialization
2: WARNING 26-09-09 18:19:33.838757 - 0:00:35 - Model parameter encoder.transformer.layers.18.attn.to_qkv.weight is all zeros: it might be because of a missing initialization
2: WARNING 26-09-09 18:19:33.838757 - 0:00:35 - Model parameter encoder.transformer.layers.18.attn.to_qkv.weight is all zeros: it might be because of a missing initialization
3: WARNING 26-09-09 18:19:33.838876 - 0:00:35 - Model parameter encoder.transformer.layers.19.attn.norm.weight is all zeros: it might be because of a missing initialization
3: WARNING 26-09-09 18:19:33.838876 - 0:00:35 - Model parameter encoder.transformer.layers.19.attn.norm.weight is all zeros: it might be because of a missing initialization
2: WARNING 26-09-09 18:19:33.839110 - 0:00:35 - Model parameter encoder.transformer.layers.18.attn.to_out.weight is all zeros: it might be because of a missing initialization
2: WARNING 26-09-09 18:19:33.839110 - 0:00:35 - Model parameter encoder.transformer.layers.18.attn.to_out.weight is all zeros: it might be because of a missing initialization
3: WARNING 26-09-09 18:19:33.839300 - 0:00:35 - Model parameter encoder.transformer.layers.19.attn.to_qkv.weight is all zeros: it might be because of a missing initialization
3: WARNING 26-09-09 18:19:33.839300 - 0:00:35 - Model parameter encoder.transformer.layers.19.attn.to_qkv.weight is all zeros: it might be because of a missing initialization
2: WARNING 26-09-09 18:19:33.839428 - 0:00:35 - Model parameter encoder.transformer.layers.18.ff.net.0.weight is all zeros: it might be because of a missing initialization
2: WARNING 26-09-09 18:19:33.839428 - 0:00:35 - Model parameter encoder.transformer.layers.18.ff.net.0.weight is all zeros: it might be because of a missing initialization
3: WARNING 26-09-09 18:19:33.839693 - 0:00:35 - Model parameter encoder.transformer.layers.19.attn.to_out.weight is all zeros: it might be because of a missing initialization
3: WARNING 26-09-09 18:19:33.839693 - 0:00:35 - Model parameter encoder.transformer.layers.19.attn.to_out.weight is all zeros: it might be because of a missing initialization
2: WARNING 26-09-09 18:19:33.839785 - 0:00:35 - Model parameter encoder.transformer.layers.18.ff.net.1.weight is all zeros: it might be because of a missing initialization
2: WARNING 26-09-09 18:19:33.839785 - 0:00:35 - Model parameter encoder.transformer.layers.18.ff.net.1.weight is all zeros: it might be because of a missing initialization
3: WARNING 26-09-09 18:19:33.840029 - 0:00:35 - Model parameter encoder.transformer.layers.19.ff.net.0.weight is all zeros: it might be because of a missing initialization
3: WARNING 26-09-09 18:19:33.840029 - 0:00:35 - Model parameter encoder.transformer.layers.19.ff.net.0.weight is all zeros: it might be because of a missing initialization
2: WARNING 26-09-09 18:19:33.840139 - 0:00:35 - Model parameter encoder.transformer.layers.18.ff.net.3.weight is all zeros: it might be because of a missing initialization
2: WARNING 26-09-09 18:19:33.840139 - 0:00:35 - Model parameter encoder.transformer.layers.18.ff.net.3.weight is all zeros: it might be because of a missing initialization
3: WARNING 26-09-09 18:19:33.840404 - 0:00:35 - Model parameter encoder.transformer.layers.19.ff.net.1.weight is all zeros: it might be because of a missing initialization
3: WARNING 26-09-09 18:19:33.840404 - 0:00:35 - Model parameter encoder.transformer.layers.19.ff.net.1.weight is all zeros: it might be because of a missing initialization
2: WARNING 26-09-09 18:19:33.840452 - 0:00:35 - Model parameter encoder.transformer.layers.19.attn.norm.weight is all zeros: it might be because of a missing initialization
2: WARNING 26-09-09 18:19:33.840452 - 0:00:35 - Model parameter encoder.transformer.layers.19.attn.norm.weight is all zeros: it might be because of a missing initialization
3: WARNING 26-09-09 18:19:33.840797 - 0:00:35 - Model parameter encoder.transformer.layers.19.ff.net.3.weight is all zeros: it might be because of a missing initialization
2: WARNING 26-09-09 18:19:33.840808 - 0:00:35 - Model parameter encoder.transformer.layers.19.attn.to_qkv.weight is all zeros: it might be because of a missing initialization
3: WARNING 26-09-09 18:19:33.840797 - 0:00:35 - Model parameter encoder.transformer.layers.19.ff.net.3.weight is all zeros: it might be because of a missing initialization
2: WARNING 26-09-09 18:19:33.840808 - 0:00:35 - Model parameter encoder.transformer.layers.19.attn.to_qkv.weight is all zeros: it might be because of a missing initialization
3: WARNING 26-09-09 18:19:33.841124 - 0:00:35 - Model parameter encoder.transformer.layers.20.attn.norm.weight is all zeros: it might be because of a missing initialization
3: WARNING 26-09-09 18:19:33.841124 - 0:00:35 - Model parameter encoder.transformer.layers.20.attn.norm.weight is all zeros: it might be because of a missing initialization
2: WARNING 26-09-09 18:19:33.841159 - 0:00:35 - Model parameter encoder.transformer.layers.19.attn.to_out.weight is all zeros: it might be because of a missing initialization
2: WARNING 26-09-09 18:19:33.841159 - 0:00:35 - Model parameter encoder.transformer.layers.19.attn.to_out.weight is all zeros: it might be because of a missing initialization
2: WARNING 26-09-09 18:19:33.841475 - 0:00:35 - Model parameter encoder.transformer.layers.19.ff.net.0.weight is all zeros: it might be because of a missing initialization
2: WARNING 26-09-09 18:19:33.841475 - 0:00:35 - Model parameter encoder.transformer.layers.19.ff.net.0.weight is all zeros: it might be because of a missing initialization
3: WARNING 26-09-09 18:19:33.841515 - 0:00:35 - Model parameter encoder.transformer.layers.20.attn.to_qkv.weight is all zeros: it might be because of a missing initialization
3: WARNING 26-09-09 18:19:33.841515 - 0:00:35 - Model parameter encoder.transformer.layers.20.attn.to_qkv.weight is all zeros: it might be because of a missing initialization
2: WARNING 26-09-09 18:19:33.841842 - 0:00:35 - Model parameter encoder.transformer.layers.19.ff.net.1.weight is all zeros: it might be because of a missing initialization
2: WARNING 26-09-09 18:19:33.841842 - 0:00:35 - Model parameter encoder.transformer.layers.19.ff.net.1.weight is all zeros: it might be because of a missing initialization
3: WARNING 26-09-09 18:19:33.841893 - 0:00:35 - Model parameter encoder.transformer.layers.20.attn.to_out.weight is all zeros: it might be because of a missing initialization
3: WARNING 26-09-09 18:19:33.841893 - 0:00:35 - Model parameter encoder.transformer.layers.20.attn.to_out.weight is all zeros: it might be because of a missing initialization
2: WARNING 26-09-09 18:19:33.842212 - 0:00:35 - Model parameter encoder.transformer.layers.19.ff.net.3.weight is all zeros: it might be because of a missing initialization
3: WARNING 26-09-09 18:19:33.842233 - 0:00:35 - Model parameter encoder.transformer.layers.20.ff.net.0.weight is all zeros: it might be because of a missing initialization
2: WARNING 26-09-09 18:19:33.842212 - 0:00:35 - Model parameter encoder.transformer.layers.19.ff.net.3.weight is all zeros: it might be because of a missing initialization
3: WARNING 26-09-09 18:19:33.842233 - 0:00:35 - Model parameter encoder.transformer.layers.20.ff.net.0.weight is all zeros: it might be because of a missing initialization
2: WARNING 26-09-09 18:19:33.842533 - 0:00:35 - Model parameter encoder.transformer.layers.20.attn.norm.weight is all zeros: it might be because of a missing initialization
2: WARNING 26-09-09 18:19:33.842533 - 0:00:35 - Model parameter encoder.transformer.layers.20.attn.norm.weight is all zeros: it might be because of a missing initialization
3: WARNING 26-09-09 18:19:33.842607 - 0:00:35 - Model parameter encoder.transformer.layers.20.ff.net.1.weight is all zeros: it might be because of a missing initialization
3: WARNING 26-09-09 18:19:33.842607 - 0:00:35 - Model parameter encoder.transformer.layers.20.ff.net.1.weight is all zeros: it might be because of a missing initialization
2: WARNING 26-09-09 18:19:33.842897 - 0:00:35 - Model parameter encoder.transformer.layers.20.attn.to_qkv.weight is all zeros: it might be because of a missing initialization
2: WARNING 26-09-09 18:19:33.842897 - 0:00:35 - Model parameter encoder.transformer.layers.20.attn.to_qkv.weight is all zeros: it might be because of a missing initialization
3: WARNING 26-09-09 18:19:33.842979 - 0:00:35 - Model parameter encoder.transformer.layers.20.ff.net.3.weight is all zeros: it might be because of a missing initialization
3: WARNING 26-09-09 18:19:33.842979 - 0:00:35 - Model parameter encoder.transformer.layers.20.ff.net.3.weight is all zeros: it might be because of a missing initialization
2: WARNING 26-09-09 18:19:33.843248 - 0:00:35 - Model parameter encoder.transformer.layers.20.attn.to_out.weight is all zeros: it might be because of a missing initialization
2: WARNING 26-09-09 18:19:33.843248 - 0:00:35 - Model parameter encoder.transformer.layers.20.attn.to_out.weight is all zeros: it might be because of a missing initialization
3: WARNING 26-09-09 18:19:33.843314 - 0:00:35 - Model parameter encoder.transformer.layers.21.attn.norm.weight is all zeros: it might be because of a missing initialization
3: WARNING 26-09-09 18:19:33.843314 - 0:00:35 - Model parameter encoder.transformer.layers.21.attn.norm.weight is all zeros: it might be because of a missing initialization
2: WARNING 26-09-09 18:19:33.843568 - 0:00:35 - Model parameter encoder.transformer.layers.20.ff.net.0.weight is all zeros: it might be because of a missing initialization
2: WARNING 26-09-09 18:19:33.843568 - 0:00:35 - Model parameter encoder.transformer.layers.20.ff.net.0.weight is all zeros: it might be because of a missing initialization
3: WARNING 26-09-09 18:19:33.843747 - 0:00:35 - Model parameter encoder.transformer.layers.21.attn.to_qkv.weight is all zeros: it might be because of a missing initialization
3: WARNING 26-09-09 18:19:33.843747 - 0:00:35 - Model parameter encoder.transformer.layers.21.attn.to_qkv.weight is all zeros: it might be because of a missing initialization
2: WARNING 26-09-09 18:19:33.843922 - 0:00:35 - Model parameter encoder.transformer.layers.20.ff.net.1.weight is all zeros: it might be because of a missing initialization
2: WARNING 26-09-09 18:19:33.843922 - 0:00:35 - Model parameter encoder.transformer.layers.20.ff.net.1.weight is all zeros: it might be because of a missing initialization
3: WARNING 26-09-09 18:19:33.844125 - 0:00:35 - Model parameter encoder.transformer.layers.21.attn.to_out.weight is all zeros: it might be because of a missing initialization
3: WARNING 26-09-09 18:19:33.844125 - 0:00:35 - Model parameter encoder.transformer.layers.21.attn.to_out.weight is all zeros: it might be because of a missing initialization
2: WARNING 26-09-09 18:19:33.844276 - 0:00:35 - Model parameter encoder.transformer.layers.20.ff.net.3.weight is all zeros: it might be because of a missing initialization
2: WARNING 26-09-09 18:19:33.844276 - 0:00:35 - Model parameter encoder.transformer.layers.20.ff.net.3.weight is all zeros: it might be because of a missing initialization
3: WARNING 26-09-09 18:19:33.844456 - 0:00:35 - Model parameter encoder.transformer.layers.21.ff.net.0.weight is all zeros: it might be because of a missing initialization
3: WARNING 26-09-09 18:19:33.844456 - 0:00:35 - Model parameter encoder.transformer.layers.21.ff.net.0.weight is all zeros: it might be because of a missing initialization
2: WARNING 26-09-09 18:19:33.844593 - 0:00:35 - Model parameter encoder.transformer.layers.21.attn.norm.weight is all zeros: it might be because of a missing initialization
2: WARNING 26-09-09 18:19:33.844593 - 0:00:35 - Model parameter encoder.transformer.layers.21.attn.norm.weight is all zeros: it might be because of a missing initialization
3: WARNING 26-09-09 18:19:33.844873 - 0:00:35 - Model parameter encoder.transformer.layers.21.ff.net.1.weight is all zeros: it might be because of a missing initialization
3: WARNING 26-09-09 18:19:33.844873 - 0:00:35 - Model parameter encoder.transformer.layers.21.ff.net.1.weight is all zeros: it might be because of a missing initialization
2: WARNING 26-09-09 18:19:33.844958 - 0:00:35 - Model parameter encoder.transformer.layers.21.attn.to_qkv.weight is all zeros: it might be because of a missing initialization
2: WARNING 26-09-09 18:19:33.844958 - 0:00:35 - Model parameter encoder.transformer.layers.21.attn.to_qkv.weight is all zeros: it might be because of a missing initialization
3: WARNING 26-09-09 18:19:33.845264 - 0:00:35 - Model parameter encoder.transformer.layers.21.ff.net.3.weight is all zeros: it might be because of a missing initialization
3: WARNING 26-09-09 18:19:33.845264 - 0:00:35 - Model parameter encoder.transformer.layers.21.ff.net.3.weight is all zeros: it might be because of a missing initialization
2: WARNING 26-09-09 18:19:33.845310 - 0:00:35 - Model parameter encoder.transformer.layers.21.attn.to_out.weight is all zeros: it might be because of a missing initialization
2: WARNING 26-09-09 18:19:33.845310 - 0:00:35 - Model parameter encoder.transformer.layers.21.attn.to_out.weight is all zeros: it might be because of a missing initialization
2: WARNING 26-09-09 18:19:33.845627 - 0:00:35 - Model parameter encoder.transformer.layers.21.ff.net.0.weight is all zeros: it might be because of a missing initialization
2: WARNING 26-09-09 18:19:33.845627 - 0:00:35 - Model parameter encoder.transformer.layers.21.ff.net.0.weight is all zeros: it might be because of a missing initialization
3: WARNING 26-09-09 18:19:33.845767 - 0:00:35 - Model parameter encoder.to_patch_embedding.0.weight is all zeros: it might be because of a missing initialization
3: WARNING 26-09-09 18:19:33.845767 - 0:00:35 - Model parameter encoder.to_patch_embedding.0.weight is all zeros: it might be because of a missing initialization
2: WARNING 26-09-09 18:19:33.845992 - 0:00:35 - Model parameter encoder.transformer.layers.21.ff.net.1.weight is all zeros: it might be because of a missing initialization
2: WARNING 26-09-09 18:19:33.845992 - 0:00:35 - Model parameter encoder.transformer.layers.21.ff.net.1.weight is all zeros: it might be because of a missing initialization
3: WARNING 26-09-09 18:19:33.846084 - 0:00:35 - Model parameter encoder.to_patch_embedding.0.bias is all zeros: it might be because of a missing initialization
3: WARNING 26-09-09 18:19:33.846084 - 0:00:35 - Model parameter encoder.to_patch_embedding.0.bias is all zeros: it might be because of a missing initialization
2: WARNING 26-09-09 18:19:33.846359 - 0:00:35 - Model parameter encoder.transformer.layers.21.ff.net.3.weight is all zeros: it might be because of a missing initialization
2: WARNING 26-09-09 18:19:33.846359 - 0:00:35 - Model parameter encoder.transformer.layers.21.ff.net.3.weight is all zeros: it might be because of a missing initialization
3: WARNING 26-09-09 18:19:33.846438 - 0:00:35 - Model parameter encoder.mlp4d.0.weight is all zeros: it might be because of a missing initialization
3: WARNING 26-09-09 18:19:33.846438 - 0:00:35 - Model parameter encoder.mlp4d.0.weight is all zeros: it might be because of a missing initialization
3: WARNING 26-09-09 18:19:33.846767 - 0:00:35 - Model parameter encoder.mlp4d.2.weight is all zeros: it might be because of a missing initialization
3: WARNING 26-09-09 18:19:33.846767 - 0:00:35 - Model parameter encoder.mlp4d.2.weight is all zeros: it might be because of a missing initialization
2: WARNING 26-09-09 18:19:33.846819 - 0:00:35 - Model parameter encoder.to_patch_embedding.0.weight is all zeros: it might be because of a missing initialization
2: WARNING 26-09-09 18:19:33.846819 - 0:00:35 - Model parameter encoder.to_patch_embedding.0.weight is all zeros: it might be because of a missing initialization
3: WARNING 26-09-09 18:19:33.847077 - 0:00:35 - Model parameter encoder.mlp4d.2.bias is all zeros: it might be because of a missing initialization
3: WARNING 26-09-09 18:19:33.847077 - 0:00:35 - Model parameter encoder.mlp4d.2.bias is all zeros: it might be because of a missing initialization
2: WARNING 26-09-09 18:19:33.847136 - 0:00:35 - Model parameter encoder.to_patch_embedding.0.bias is all zeros: it might be because of a missing initialization
2: WARNING 26-09-09 18:19:33.847136 - 0:00:35 - Model parameter encoder.to_patch_embedding.0.bias is all zeros: it might be because of a missing initialization
3: WARNING 26-09-09 18:19:33.847388 - 0:00:35 - Model parameter encoder.ln.weight is all zeros: it might be because of a missing initialization
3: WARNING 26-09-09 18:19:33.847388 - 0:00:35 - Model parameter encoder.ln.weight is all zeros: it might be because of a missing initialization
2: WARNING 26-09-09 18:19:33.847462 - 0:00:35 - Model parameter encoder.mlp4d.0.weight is all zeros: it might be because of a missing initialization
2: WARNING 26-09-09 18:19:33.847462 - 0:00:35 - Model parameter encoder.mlp4d.0.weight is all zeros: it might be because of a missing initialization
3: WARNING 26-09-09 18:19:33.847768 - 0:00:35 - Model parameter encoder.ln.bias is all zeros: it might be because of a missing initialization
2: WARNING 26-09-09 18:19:33.847781 - 0:00:35 - Model parameter encoder.mlp4d.2.weight is all zeros: it might be because of a missing initialization
2: WARNING 26-09-09 18:19:33.847781 - 0:00:35 - Model parameter encoder.mlp4d.2.weight is all zeros: it might be because of a missing initialization
3: WARNING 26-09-09 18:19:33.847768 - 0:00:35 - Model parameter encoder.ln.bias is all zeros: it might be because of a missing initialization
2: WARNING 26-09-09 18:19:33.848088 - 0:00:35 - Model parameter encoder.mlp4d.2.bias is all zeros: it might be because of a missing initialization
2: WARNING 26-09-09 18:19:33.848088 - 0:00:35 - Model parameter encoder.mlp4d.2.bias is all zeros: it might be because of a missing initialization
3: WARNING 26-09-09 18:19:33.848163 - 0:00:35 - Model parameter decoder.layers.0.attn.norm.weight is all zeros: it might be because of a missing initialization
3: WARNING 26-09-09 18:19:33.848163 - 0:00:35 - Model parameter decoder.layers.0.attn.norm.weight is all zeros: it might be because of a missing initialization
2: WARNING 26-09-09 18:19:33.848411 - 0:00:35 - Model parameter encoder.ln.weight is all zeros: it might be because of a missing initialization
2: WARNING 26-09-09 18:19:33.848411 - 0:00:35 - Model parameter encoder.ln.weight is all zeros: it might be because of a missing initialization
3: WARNING 26-09-09 18:19:33.848555 - 0:00:35 - Model parameter decoder.layers.0.attn.to_qkv.weight is all zeros: it might be because of a missing initialization
3: WARNING 26-09-09 18:19:33.848555 - 0:00:35 - Model parameter decoder.layers.0.attn.to_qkv.weight is all zeros: it might be because of a missing initialization
2: WARNING 26-09-09 18:19:33.848726 - 0:00:35 - Model parameter encoder.ln.bias is all zeros: it might be because of a missing initialization
2: WARNING 26-09-09 18:19:33.848726 - 0:00:35 - Model parameter encoder.ln.bias is all zeros: it might be because of a missing initialization
3: WARNING 26-09-09 18:19:33.848935 - 0:00:35 - Model parameter decoder.layers.0.attn.to_out.weight is all zeros: it might be because of a missing initialization
3: WARNING 26-09-09 18:19:33.848935 - 0:00:35 - Model parameter decoder.layers.0.attn.to_out.weight is all zeros: it might be because of a missing initialization
2: WARNING 26-09-09 18:19:33.849039 - 0:00:35 - Model parameter decoder.layers.0.attn.norm.weight is all zeros: it might be because of a missing initialization
2: WARNING 26-09-09 18:19:33.849039 - 0:00:35 - Model parameter decoder.layers.0.attn.norm.weight is all zeros: it might be because of a missing initialization
3: WARNING 26-09-09 18:19:33.849263 - 0:00:35 - Model parameter decoder.layers.0.ff.net.0.weight is all zeros: it might be because of a missing initialization
3: WARNING 26-09-09 18:19:33.849263 - 0:00:35 - Model parameter decoder.layers.0.ff.net.0.weight is all zeros: it might be because of a missing initialization
2: WARNING 26-09-09 18:19:33.849395 - 0:00:35 - Model parameter decoder.layers.0.attn.to_qkv.weight is all zeros: it might be because of a missing initialization
2: WARNING 26-09-09 18:19:33.849395 - 0:00:35 - Model parameter decoder.layers.0.attn.to_qkv.weight is all zeros: it might be because of a missing initialization
3: WARNING 26-09-09 18:19:33.849687 - 0:00:35 - Model parameter decoder.layers.0.ff.net.1.weight is all zeros: it might be because of a missing initialization
3: WARNING 26-09-09 18:19:33.849687 - 0:00:35 - Model parameter decoder.layers.0.ff.net.1.weight is all zeros: it might be because of a missing initialization
2: WARNING 26-09-09 18:19:33.849766 - 0:00:35 - Model parameter decoder.layers.0.attn.to_out.weight is all zeros: it might be because of a missing initialization
2: WARNING 26-09-09 18:19:33.849766 - 0:00:35 - Model parameter decoder.layers.0.attn.to_out.weight is all zeros: it might be because of a missing initialization
3: WARNING 26-09-09 18:19:33.850065 - 0:00:35 - Model parameter decoder.layers.0.ff.net.3.weight is all zeros: it might be because of a missing initialization
2: WARNING 26-09-09 18:19:33.850076 - 0:00:35 - Model parameter decoder.layers.0.ff.net.0.weight is all zeros: it might be because of a missing initialization
3: WARNING 26-09-09 18:19:33.850065 - 0:00:35 - Model parameter decoder.layers.0.ff.net.3.weight is all zeros: it might be because of a missing initialization
2: WARNING 26-09-09 18:19:33.850076 - 0:00:35 - Model parameter decoder.layers.0.ff.net.0.weight is all zeros: it might be because of a missing initialization
3: WARNING 26-09-09 18:19:33.850413 - 0:00:35 - Model parameter decoder.layers.1.attn.norm.weight is all zeros: it might be because of a missing initialization
2: WARNING 26-09-09 18:19:33.850448 - 0:00:35 - Model parameter decoder.layers.0.ff.net.1.weight is all zeros: it might be because of a missing initialization
3: WARNING 26-09-09 18:19:33.850413 - 0:00:35 - Model parameter decoder.layers.1.attn.norm.weight is all zeros: it might be because of a missing initialization
2: WARNING 26-09-09 18:19:33.850448 - 0:00:35 - Model parameter decoder.layers.0.ff.net.1.weight is all zeros: it might be because of a missing initialization
3: WARNING 26-09-09 18:19:33.850795 - 0:00:35 - Model parameter decoder.layers.1.attn.to_qkv.weight is all zeros: it might be because of a missing initialization
2: WARNING 26-09-09 18:19:33.850813 - 0:00:35 - Model parameter decoder.layers.0.ff.net.3.weight is all zeros: it might be because of a missing initialization
3: WARNING 26-09-09 18:19:33.850795 - 0:00:35 - Model parameter decoder.layers.1.attn.to_qkv.weight is all zeros: it might be because of a missing initialization
2: WARNING 26-09-09 18:19:33.850813 - 0:00:35 - Model parameter decoder.layers.0.ff.net.3.weight is all zeros: it might be because of a missing initialization
2: WARNING 26-09-09 18:19:33.851119 - 0:00:35 - Model parameter decoder.layers.1.attn.norm.weight is all zeros: it might be because of a missing initialization
2: WARNING 26-09-09 18:19:33.851119 - 0:00:35 - Model parameter decoder.layers.1.attn.norm.weight is all zeros: it might be because of a missing initialization
3: WARNING 26-09-09 18:19:33.851190 - 0:00:35 - Model parameter decoder.layers.1.attn.to_out.weight is all zeros: it might be because of a missing initialization
3: WARNING 26-09-09 18:19:33.851190 - 0:00:35 - Model parameter decoder.layers.1.attn.to_out.weight is all zeros: it might be because of a missing initialization
2: WARNING 26-09-09 18:19:33.851507 - 0:00:35 - Model parameter decoder.layers.1.attn.to_qkv.weight is all zeros: it might be because of a missing initialization
2: WARNING 26-09-09 18:19:33.851507 - 0:00:35 - Model parameter decoder.layers.1.attn.to_qkv.weight is all zeros: it might be because of a missing initialization
3: WARNING 26-09-09 18:19:33.851575 - 0:00:35 - Model parameter decoder.layers.1.ff.net.0.weight is all zeros: it might be because of a missing initialization
3: WARNING 26-09-09 18:19:33.851575 - 0:00:35 - Model parameter decoder.layers.1.ff.net.0.weight is all zeros: it might be because of a missing initialization
2: WARNING 26-09-09 18:19:33.851888 - 0:00:35 - Model parameter decoder.layers.1.attn.to_out.weight is all zeros: it might be because of a missing initialization
2: WARNING 26-09-09 18:19:33.851888 - 0:00:35 - Model parameter decoder.layers.1.attn.to_out.weight is all zeros: it might be because of a missing initialization
3: WARNING 26-09-09 18:19:33.852023 - 0:00:35 - Model parameter decoder.layers.1.ff.net.1.weight is all zeros: it might be because of a missing initialization
3: WARNING 26-09-09 18:19:33.852023 - 0:00:35 - Model parameter decoder.layers.1.ff.net.1.weight is all zeros: it might be because of a missing initialization
2: WARNING 26-09-09 18:19:33.852204 - 0:00:35 - Model parameter decoder.layers.1.ff.net.0.weight is all zeros: it might be because of a missing initialization
2: WARNING 26-09-09 18:19:33.852204 - 0:00:35 - Model parameter decoder.layers.1.ff.net.0.weight is all zeros: it might be because of a missing initialization
3: WARNING 26-09-09 18:19:33.852406 - 0:00:35 - Model parameter decoder.layers.1.ff.net.3.weight is all zeros: it might be because of a missing initialization
3: WARNING 26-09-09 18:19:33.852406 - 0:00:35 - Model parameter decoder.layers.1.ff.net.3.weight is all zeros: it might be because of a missing initialization
2: WARNING 26-09-09 18:19:33.852571 - 0:00:35 - Model parameter decoder.layers.1.ff.net.1.weight is all zeros: it might be because of a missing initialization
2: WARNING 26-09-09 18:19:33.852571 - 0:00:35 - Model parameter decoder.layers.1.ff.net.1.weight is all zeros: it might be because of a missing initialization
3: WARNING 26-09-09 18:19:33.852753 - 0:00:35 - Model parameter decoder.layers.2.attn.norm.weight is all zeros: it might be because of a missing initialization
3: WARNING 26-09-09 18:19:33.852753 - 0:00:35 - Model parameter decoder.layers.2.attn.norm.weight is all zeros: it might be because of a missing initialization
2: WARNING 26-09-09 18:19:33.852930 - 0:00:35 - Model parameter decoder.layers.1.ff.net.3.weight is all zeros: it might be because of a missing initialization
2: WARNING 26-09-09 18:19:33.852930 - 0:00:35 - Model parameter decoder.layers.1.ff.net.3.weight is all zeros: it might be because of a missing initialization
3: WARNING 26-09-09 18:19:33.853120 - 0:00:35 - Model parameter decoder.layers.2.attn.to_qkv.weight is all zeros: it might be because of a missing initialization
3: WARNING 26-09-09 18:19:33.853120 - 0:00:35 - Model parameter decoder.layers.2.attn.to_qkv.weight is all zeros: it might be because of a missing initialization
2: WARNING 26-09-09 18:19:33.853237 - 0:00:35 - Model parameter decoder.layers.2.attn.norm.weight is all zeros: it might be because of a missing initialization
2: WARNING 26-09-09 18:19:33.853237 - 0:00:35 - Model parameter decoder.layers.2.attn.norm.weight is all zeros: it might be because of a missing initialization
3: WARNING 26-09-09 18:19:33.853519 - 0:00:35 - Model parameter decoder.layers.2.attn.to_out.weight is all zeros: it might be because of a missing initialization
3: WARNING 26-09-09 18:19:33.853519 - 0:00:35 - Model parameter decoder.layers.2.attn.to_out.weight is all zeros: it might be because of a missing initialization
2: WARNING 26-09-09 18:19:33.853599 - 0:00:35 - Model parameter decoder.layers.2.attn.to_qkv.weight is all zeros: it might be because of a missing initialization
2: WARNING 26-09-09 18:19:33.853599 - 0:00:35 - Model parameter decoder.layers.2.attn.to_qkv.weight is all zeros: it might be because of a missing initialization
3: WARNING 26-09-09 18:19:33.853877 - 0:00:35 - Model parameter decoder.layers.2.ff.net.0.weight is all zeros: it might be because of a missing initialization
3: WARNING 26-09-09 18:19:33.853877 - 0:00:35 - Model parameter decoder.layers.2.ff.net.0.weight is all zeros: it might be because of a missing initialization
2: WARNING 26-09-09 18:19:33.853982 - 0:00:35 - Model parameter decoder.layers.2.attn.to_out.weight is all zeros: it might be because of a missing initialization
2: WARNING 26-09-09 18:19:33.853982 - 0:00:35 - Model parameter decoder.layers.2.attn.to_out.weight is all zeros: it might be because of a missing initialization
2: WARNING 26-09-09 18:19:33.854316 - 0:00:35 - Model parameter decoder.layers.2.ff.net.0.weight is all zeros: it might be because of a missing initialization
3: WARNING 26-09-09 18:19:33.854366 - 0:00:35 - Model parameter decoder.layers.2.ff.net.1.weight is all zeros: it might be because of a missing initialization
0: INFO    26-09-09 18:19:33.854631 - 0:00:35 - GPU capacity: NVIDIA A800-SXM4-80GB (0) with 79.32GiB memory
2: WARNING 26-09-09 18:19:33.854316 - 0:00:35 - Model parameter decoder.layers.2.ff.net.0.weight is all zeros: it might be because of a missing initialization
3: WARNING 26-09-09 18:19:33.854366 - 0:00:35 - Model parameter decoder.layers.2.ff.net.1.weight is all zeros: it might be because of a missing initialization
2: WARNING 26-09-09 18:19:33.879976 - 0:00:35 - Model parameter decoder.layers.2.ff.net.1.weight is all zeros: it might be because of a missing initialization
2: WARNING 26-09-09 18:19:33.879976 - 0:00:35 - Model parameter decoder.layers.2.ff.net.1.weight is all zeros: it might be because of a missing initialization
3: WARNING 26-09-09 18:19:33.880272 - 0:00:35 - Model parameter decoder.layers.2.ff.net.3.weight is all zeros: it might be because of a missing initialization
3: WARNING 26-09-09 18:19:33.880272 - 0:00:35 - Model parameter decoder.layers.2.ff.net.3.weight is all zeros: it might be because of a missing initialization
2: WARNING 26-09-09 18:19:33.880358 - 0:00:35 - Model parameter decoder.layers.2.ff.net.3.weight is all zeros: it might be because of a missing initialization
2: WARNING 26-09-09 18:19:33.880358 - 0:00:35 - Model parameter decoder.layers.2.ff.net.3.weight is all zeros: it might be because of a missing initialization
2: WARNING 26-09-09 18:19:33.880690 - 0:00:35 - Model parameter decoder.layers.3.attn.norm.weight is all zeros: it might be because of a missing initialization
3: WARNING 26-09-09 18:19:33.880693 - 0:00:35 - Model parameter decoder.layers.3.attn.norm.weight is all zeros: it might be because of a missing initialization
2: WARNING 26-09-09 18:19:33.880690 - 0:00:35 - Model parameter decoder.layers.3.attn.norm.weight is all zeros: it might be because of a missing initialization
3: WARNING 26-09-09 18:19:33.880693 - 0:00:35 - Model parameter decoder.layers.3.attn.norm.weight is all zeros: it might be because of a missing initialization
2: WARNING 26-09-09 18:19:33.881052 - 0:00:35 - Model parameter decoder.layers.3.attn.to_qkv.weight is all zeros: it might be because of a missing initialization
2: WARNING 26-09-09 18:19:33.881052 - 0:00:35 - Model parameter decoder.layers.3.attn.to_qkv.weight is all zeros: it might be because of a missing initialization
3: WARNING 26-09-09 18:19:33.881170 - 0:00:35 - Model parameter decoder.layers.3.attn.to_qkv.weight is all zeros: it might be because of a missing initialization
3: WARNING 26-09-09 18:19:33.881170 - 0:00:35 - Model parameter decoder.layers.3.attn.to_qkv.weight is all zeros: it might be because of a missing initialization
2: WARNING 26-09-09 18:19:33.881408 - 0:00:35 - Model parameter decoder.layers.3.attn.to_out.weight is all zeros: it might be because of a missing initialization
2: WARNING 26-09-09 18:19:33.881408 - 0:00:35 - Model parameter decoder.layers.3.attn.to_out.weight is all zeros: it might be because of a missing initialization
3: WARNING 26-09-09 18:19:33.881572 - 0:00:35 - Model parameter decoder.layers.3.attn.to_out.weight is all zeros: it might be because of a missing initialization
3: WARNING 26-09-09 18:19:33.881572 - 0:00:35 - Model parameter decoder.layers.3.attn.to_out.weight is all zeros: it might be because of a missing initialization
2: WARNING 26-09-09 18:19:33.881739 - 0:00:35 - Model parameter decoder.layers.3.ff.net.0.weight is all zeros: it might be because of a missing initialization
2: WARNING 26-09-09 18:19:33.881739 - 0:00:35 - Model parameter decoder.layers.3.ff.net.0.weight is all zeros: it might be because of a missing initialization
3: WARNING 26-09-09 18:19:33.881913 - 0:00:35 - Model parameter decoder.layers.3.ff.net.0.weight is all zeros: it might be because of a missing initialization
3: WARNING 26-09-09 18:19:33.881913 - 0:00:35 - Model parameter decoder.layers.3.ff.net.0.weight is all zeros: it might be because of a missing initialization
2: WARNING 26-09-09 18:19:33.882108 - 0:00:35 - Model parameter decoder.layers.3.ff.net.1.weight is all zeros: it might be because of a missing initialization
2: WARNING 26-09-09 18:19:33.882108 - 0:00:35 - Model parameter decoder.layers.3.ff.net.1.weight is all zeros: it might be because of a missing initialization
3: WARNING 26-09-09 18:19:33.882302 - 0:00:35 - Model parameter decoder.layers.3.ff.net.1.weight is all zeros: it might be because of a missing initialization
3: WARNING 26-09-09 18:19:33.882302 - 0:00:35 - Model parameter decoder.layers.3.ff.net.1.weight is all zeros: it might be because of a missing initialization
2: WARNING 26-09-09 18:19:33.882494 - 0:00:35 - Model parameter decoder.layers.3.ff.net.3.weight is all zeros: it might be because of a missing initialization
2: WARNING 26-09-09 18:19:33.882494 - 0:00:35 - Model parameter decoder.layers.3.ff.net.3.weight is all zeros: it might be because of a missing initialization
3: WARNING 26-09-09 18:19:33.882683 - 0:00:35 - Model parameter decoder.layers.3.ff.net.3.weight is all zeros: it might be because of a missing initialization
3: WARNING 26-09-09 18:19:33.882683 - 0:00:35 - Model parameter decoder.layers.3.ff.net.3.weight is all zeros: it might be because of a missing initialization
2: WARNING 26-09-09 18:19:33.882808 - 0:00:35 - Model parameter decoder.layers.4.attn.norm.weight is all zeros: it might be because of a missing initialization
2: WARNING 26-09-09 18:19:33.882808 - 0:00:35 - Model parameter decoder.layers.4.attn.norm.weight is all zeros: it might be because of a missing initialization
3: WARNING 26-09-09 18:19:33.883054 - 0:00:35 - Model parameter decoder.layers.4.attn.norm.weight is all zeros: it might be because of a missing initialization
3: WARNING 26-09-09 18:19:33.883054 - 0:00:35 - Model parameter decoder.layers.4.attn.norm.weight is all zeros: it might be because of a missing initialization
2: WARNING 26-09-09 18:19:33.883161 - 0:00:35 - Model parameter decoder.layers.4.attn.to_qkv.weight is all zeros: it might be because of a missing initialization
2: WARNING 26-09-09 18:19:33.883161 - 0:00:35 - Model parameter decoder.layers.4.attn.to_qkv.weight is all zeros: it might be because of a missing initialization
3: WARNING 26-09-09 18:19:33.883439 - 0:00:35 - Model parameter decoder.layers.4.attn.to_qkv.weight is all zeros: it might be because of a missing initialization
3: WARNING 26-09-09 18:19:33.883439 - 0:00:35 - Model parameter decoder.layers.4.attn.to_qkv.weight is all zeros: it might be because of a missing initialization
2: WARNING 26-09-09 18:19:33.883517 - 0:00:35 - Model parameter decoder.layers.4.attn.to_out.weight is all zeros: it might be because of a missing initialization
2: WARNING 26-09-09 18:19:33.883517 - 0:00:35 - Model parameter decoder.layers.4.attn.to_out.weight is all zeros: it might be because of a missing initialization
3: WARNING 26-09-09 18:19:33.883803 - 0:00:35 - Model parameter decoder.layers.4.attn.to_out.weight is all zeros: it might be because of a missing initialization
2: WARNING 26-09-09 18:19:33.883833 - 0:00:35 - Model parameter decoder.layers.4.ff.net.0.weight is all zeros: it might be because of a missing initialization
3: WARNING 26-09-09 18:19:33.883803 - 0:00:35 - Model parameter decoder.layers.4.attn.to_out.weight is all zeros: it might be because of a missing initialization
2: WARNING 26-09-09 18:19:33.883833 - 0:00:35 - Model parameter decoder.layers.4.ff.net.0.weight is all zeros: it might be because of a missing initialization
3: WARNING 26-09-09 18:19:33.884122 - 0:00:35 - Model parameter decoder.layers.4.ff.net.0.weight is all zeros: it might be because of a missing initialization
3: WARNING 26-09-09 18:19:33.884122 - 0:00:35 - Model parameter decoder.layers.4.ff.net.0.weight is all zeros: it might be because of a missing initialization
2: WARNING 26-09-09 18:19:33.884197 - 0:00:35 - Model parameter decoder.layers.4.ff.net.1.weight is all zeros: it might be because of a missing initialization
2: WARNING 26-09-09 18:19:33.884197 - 0:00:35 - Model parameter decoder.layers.4.ff.net.1.weight is all zeros: it might be because of a missing initialization
3: WARNING 26-09-09 18:19:33.884504 - 0:00:35 - Model parameter decoder.layers.4.ff.net.1.weight is all zeros: it might be because of a missing initialization
3: WARNING 26-09-09 18:19:33.884504 - 0:00:35 - Model parameter decoder.layers.4.ff.net.1.weight is all zeros: it might be because of a missing initialization
2: WARNING 26-09-09 18:19:33.884563 - 0:00:35 - Model parameter decoder.layers.4.ff.net.3.weight is all zeros: it might be because of a missing initialization
2: WARNING 26-09-09 18:19:33.884563 - 0:00:35 - Model parameter decoder.layers.4.ff.net.3.weight is all zeros: it might be because of a missing initialization
3: WARNING 26-09-09 18:19:33.884868 - 0:00:35 - Model parameter decoder.layers.4.ff.net.3.weight is all zeros: it might be because of a missing initialization
2: WARNING 26-09-09 18:19:33.884878 - 0:00:35 - Model parameter decoder.layers.5.attn.norm.weight is all zeros: it might be because of a missing initialization
3: WARNING 26-09-09 18:19:33.884868 - 0:00:35 - Model parameter decoder.layers.4.ff.net.3.weight is all zeros: it might be because of a missing initialization
2: WARNING 26-09-09 18:19:33.884878 - 0:00:35 - Model parameter decoder.layers.5.attn.norm.weight is all zeros: it might be because of a missing initialization
3: WARNING 26-09-09 18:19:33.885207 - 0:00:35 - Model parameter decoder.layers.5.attn.norm.weight is all zeros: it might be because of a missing initialization
2: WARNING 26-09-09 18:19:33.885229 - 0:00:35 - Model parameter decoder.layers.5.attn.to_qkv.weight is all zeros: it might be because of a missing initialization
3: WARNING 26-09-09 18:19:33.885207 - 0:00:35 - Model parameter decoder.layers.5.attn.norm.weight is all zeros: it might be because of a missing initialization
2: WARNING 26-09-09 18:19:33.885229 - 0:00:35 - Model parameter decoder.layers.5.attn.to_qkv.weight is all zeros: it might be because of a missing initialization
2: WARNING 26-09-09 18:19:33.885591 - 0:00:35 - Model parameter decoder.layers.5.attn.to_out.weight is all zeros: it might be because of a missing initialization
3: WARNING 26-09-09 18:19:33.885592 - 0:00:35 - Model parameter decoder.layers.5.attn.to_qkv.weight is all zeros: it might be because of a missing initialization
2: WARNING 26-09-09 18:19:33.885591 - 0:00:35 - Model parameter decoder.layers.5.attn.to_out.weight is all zeros: it might be because of a missing initialization
3: WARNING 26-09-09 18:19:33.885592 - 0:00:35 - Model parameter decoder.layers.5.attn.to_qkv.weight is all zeros: it might be because of a missing initialization
2: WARNING 26-09-09 18:19:33.885905 - 0:00:35 - Model parameter decoder.layers.5.ff.net.0.weight is all zeros: it might be because of a missing initialization
2: WARNING 26-09-09 18:19:33.885905 - 0:00:35 - Model parameter decoder.layers.5.ff.net.0.weight is all zeros: it might be because of a missing initialization
3: WARNING 26-09-09 18:19:33.885959 - 0:00:35 - Model parameter decoder.layers.5.attn.to_out.weight is all zeros: it might be because of a missing initialization
3: WARNING 26-09-09 18:19:33.885959 - 0:00:35 - Model parameter decoder.layers.5.attn.to_out.weight is all zeros: it might be because of a missing initialization
2: WARNING 26-09-09 18:19:33.886272 - 0:00:35 - Model parameter decoder.layers.5.ff.net.1.weight is all zeros: it might be because of a missing initialization
3: WARNING 26-09-09 18:19:33.886288 - 0:00:35 - Model parameter decoder.layers.5.ff.net.0.weight is all zeros: it might be because of a missing initialization
2: WARNING 26-09-09 18:19:33.886272 - 0:00:35 - Model parameter decoder.layers.5.ff.net.1.weight is all zeros: it might be because of a missing initialization
3: WARNING 26-09-09 18:19:33.886288 - 0:00:35 - Model parameter decoder.layers.5.ff.net.0.weight is all zeros: it might be because of a missing initialization
2: WARNING 26-09-09 18:19:33.886644 - 0:00:35 - Model parameter decoder.layers.5.ff.net.3.weight is all zeros: it might be because of a missing initialization
2: WARNING 26-09-09 18:19:33.886644 - 0:00:35 - Model parameter decoder.layers.5.ff.net.3.weight is all zeros: it might be because of a missing initialization
3: WARNING 26-09-09 18:19:33.886678 - 0:00:35 - Model parameter decoder.layers.5.ff.net.1.weight is all zeros: it might be because of a missing initialization
3: WARNING 26-09-09 18:19:33.886678 - 0:00:35 - Model parameter decoder.layers.5.ff.net.1.weight is all zeros: it might be because of a missing initialization
2: WARNING 26-09-09 18:19:33.886954 - 0:00:35 - Model parameter decoder.layers.6.attn.norm.weight is all zeros: it might be because of a missing initialization
2: WARNING 26-09-09 18:19:33.886954 - 0:00:35 - Model parameter decoder.layers.6.attn.norm.weight is all zeros: it might be because of a missing initialization
3: WARNING 26-09-09 18:19:33.887043 - 0:00:35 - Model parameter decoder.layers.5.ff.net.3.weight is all zeros: it might be because of a missing initialization
3: WARNING 26-09-09 18:19:33.887043 - 0:00:35 - Model parameter decoder.layers.5.ff.net.3.weight is all zeros: it might be because of a missing initialization
2: WARNING 26-09-09 18:19:33.887304 - 0:00:35 - Model parameter decoder.layers.6.attn.to_qkv.weight is all zeros: it might be because of a missing initialization
2: WARNING 26-09-09 18:19:33.887304 - 0:00:35 - Model parameter decoder.layers.6.attn.to_qkv.weight is all zeros: it might be because of a missing initialization
3: WARNING 26-09-09 18:19:33.887410 - 0:00:35 - Model parameter decoder.layers.6.attn.norm.weight is all zeros: it might be because of a missing initialization
3: WARNING 26-09-09 18:19:33.887410 - 0:00:35 - Model parameter decoder.layers.6.attn.norm.weight is all zeros: it might be because of a missing initialization
2: WARNING 26-09-09 18:19:33.887665 - 0:00:35 - Model parameter decoder.layers.6.attn.to_out.weight is all zeros: it might be because of a missing initialization
2: WARNING 26-09-09 18:19:33.887665 - 0:00:35 - Model parameter decoder.layers.6.attn.to_out.weight is all zeros: it might be because of a missing initialization
3: WARNING 26-09-09 18:19:33.887790 - 0:00:35 - Model parameter decoder.layers.6.attn.to_qkv.weight is all zeros: it might be because of a missing initialization
3: WARNING 26-09-09 18:19:33.887790 - 0:00:35 - Model parameter decoder.layers.6.attn.to_qkv.weight is all zeros: it might be because of a missing initialization
2: WARNING 26-09-09 18:19:33.887978 - 0:00:35 - Model parameter decoder.layers.6.ff.net.0.weight is all zeros: it might be because of a missing initialization
2: WARNING 26-09-09 18:19:33.887978 - 0:00:35 - Model parameter decoder.layers.6.ff.net.0.weight is all zeros: it might be because of a missing initialization
3: WARNING 26-09-09 18:19:33.888155 - 0:00:35 - Model parameter decoder.layers.6.attn.to_out.weight is all zeros: it might be because of a missing initialization
3: WARNING 26-09-09 18:19:33.888155 - 0:00:35 - Model parameter decoder.layers.6.attn.to_out.weight is all zeros: it might be because of a missing initialization
2: WARNING 26-09-09 18:19:33.888329 - 0:00:35 - Model parameter decoder.layers.6.ff.net.1.weight is all zeros: it might be because of a missing initialization
2: WARNING 26-09-09 18:19:33.888329 - 0:00:35 - Model parameter decoder.layers.6.ff.net.1.weight is all zeros: it might be because of a missing initialization
3: WARNING 26-09-09 18:19:33.888475 - 0:00:35 - Model parameter decoder.layers.6.ff.net.0.weight is all zeros: it might be because of a missing initialization
3: WARNING 26-09-09 18:19:33.888475 - 0:00:35 - Model parameter decoder.layers.6.ff.net.0.weight is all zeros: it might be because of a missing initialization
2: WARNING 26-09-09 18:19:33.888695 - 0:00:35 - Model parameter decoder.layers.6.ff.net.3.weight is all zeros: it might be because of a missing initialization
2: WARNING 26-09-09 18:19:33.888695 - 0:00:35 - Model parameter decoder.layers.6.ff.net.3.weight is all zeros: it might be because of a missing initialization
3: WARNING 26-09-09 18:19:33.888842 - 0:00:35 - Model parameter decoder.layers.6.ff.net.1.weight is all zeros: it might be because of a missing initialization
3: WARNING 26-09-09 18:19:33.888842 - 0:00:35 - Model parameter decoder.layers.6.ff.net.1.weight is all zeros: it might be because of a missing initialization
2: WARNING 26-09-09 18:19:33.889007 - 0:00:35 - Model parameter decoder.layers.7.attn.norm.weight is all zeros: it might be because of a missing initialization
2: WARNING 26-09-09 18:19:33.889007 - 0:00:35 - Model parameter decoder.layers.7.attn.norm.weight is all zeros: it might be because of a missing initialization
3: WARNING 26-09-09 18:19:33.889196 - 0:00:35 - Model parameter decoder.layers.6.ff.net.3.weight is all zeros: it might be because of a missing initialization
3: WARNING 26-09-09 18:19:33.889196 - 0:00:35 - Model parameter decoder.layers.6.ff.net.3.weight is all zeros: it might be because of a missing initialization
2: WARNING 26-09-09 18:19:33.889357 - 0:00:35 - Model parameter decoder.layers.7.attn.to_qkv.weight is all zeros: it might be because of a missing initialization
2: WARNING 26-09-09 18:19:33.889357 - 0:00:35 - Model parameter decoder.layers.7.attn.to_qkv.weight is all zeros: it might be because of a missing initialization
3: WARNING 26-09-09 18:19:33.889563 - 0:00:35 - Model parameter decoder.layers.7.attn.norm.weight is all zeros: it might be because of a missing initialization
3: WARNING 26-09-09 18:19:33.889563 - 0:00:35 - Model parameter decoder.layers.7.attn.norm.weight is all zeros: it might be because of a missing initialization
2: WARNING 26-09-09 18:19:33.889717 - 0:00:35 - Model parameter decoder.layers.7.attn.to_out.weight is all zeros: it might be because of a missing initialization
2: WARNING 26-09-09 18:19:33.889717 - 0:00:35 - Model parameter decoder.layers.7.attn.to_out.weight is all zeros: it might be because of a missing initialization
3: WARNING 26-09-09 18:19:33.889926 - 0:00:35 - Model parameter decoder.layers.7.attn.to_qkv.weight is all zeros: it might be because of a missing initialization
3: WARNING 26-09-09 18:19:33.889926 - 0:00:35 - Model parameter decoder.layers.7.attn.to_qkv.weight is all zeros: it might be because of a missing initialization
2: WARNING 26-09-09 18:19:33.890025 - 0:00:35 - Model parameter decoder.layers.7.ff.net.0.weight is all zeros: it might be because of a missing initialization
2: WARNING 26-09-09 18:19:33.890025 - 0:00:35 - Model parameter decoder.layers.7.ff.net.0.weight is all zeros: it might be because of a missing initialization
3: WARNING 26-09-09 18:19:33.890291 - 0:00:35 - Model parameter decoder.layers.7.attn.to_out.weight is all zeros: it might be because of a missing initialization
3: WARNING 26-09-09 18:19:33.890291 - 0:00:35 - Model parameter decoder.layers.7.attn.to_out.weight is all zeros: it might be because of a missing initialization
2: WARNING 26-09-09 18:19:33.890386 - 0:00:35 - Model parameter decoder.layers.7.ff.net.1.weight is all zeros: it might be because of a missing initialization
2: WARNING 26-09-09 18:19:33.890386 - 0:00:35 - Model parameter decoder.layers.7.ff.net.1.weight is all zeros: it might be because of a missing initialization
3: WARNING 26-09-09 18:19:33.890629 - 0:00:35 - Model parameter decoder.layers.7.ff.net.0.weight is all zeros: it might be because of a missing initialization
3: WARNING 26-09-09 18:19:33.890629 - 0:00:35 - Model parameter decoder.layers.7.ff.net.0.weight is all zeros: it might be because of a missing initialization
2: WARNING 26-09-09 18:19:33.890762 - 0:00:35 - Model parameter decoder.layers.7.ff.net.3.weight is all zeros: it might be because of a missing initialization
2: WARNING 26-09-09 18:19:33.890762 - 0:00:35 - Model parameter decoder.layers.7.ff.net.3.weight is all zeros: it might be because of a missing initialization
3: WARNING 26-09-09 18:19:33.890988 - 0:00:35 - Model parameter decoder.layers.7.ff.net.1.weight is all zeros: it might be because of a missing initialization
3: WARNING 26-09-09 18:19:33.890988 - 0:00:35 - Model parameter decoder.layers.7.ff.net.1.weight is all zeros: it might be because of a missing initialization
2: WARNING 26-09-09 18:19:33.891231 - 0:00:35 - Model parameter to_pixels.weight is all zeros: it might be because of a missing initialization
2: WARNING 26-09-09 18:19:33.891231 - 0:00:35 - Model parameter to_pixels.weight is all zeros: it might be because of a missing initialization
3: WARNING 26-09-09 18:19:33.891387 - 0:00:35 - Model parameter decoder.layers.7.ff.net.3.weight is all zeros: it might be because of a missing initialization
3: WARNING 26-09-09 18:19:33.891387 - 0:00:35 - Model parameter decoder.layers.7.ff.net.3.weight is all zeros: it might be because of a missing initialization
2: WARNING 26-09-09 18:19:33.891551 - 0:00:35 - Model parameter to_pixels.bias is all zeros: it might be because of a missing initialization
2: WARNING 26-09-09 18:19:33.891551 - 0:00:35 - Model parameter to_pixels.bias is all zeros: it might be because of a missing initialization
3: WARNING 26-09-09 18:19:33.891871 - 0:00:35 - Model parameter to_pixels.weight is all zeros: it might be because of a missing initialization
3: WARNING 26-09-09 18:19:33.891871 - 0:00:35 - Model parameter to_pixels.weight is all zeros: it might be because of a missing initialization
2: WARNING 26-09-09 18:19:33.891927 - 0:00:35 - Model parameter cls_to_pixels.0.weight is all zeros: it might be because of a missing initialization
2: WARNING 26-09-09 18:19:33.891927 - 0:00:35 - Model parameter cls_to_pixels.0.weight is all zeros: it might be because of a missing initialization
3: WARNING 26-09-09 18:19:33.892180 - 0:00:35 - Model parameter to_pixels.bias is all zeros: it might be because of a missing initialization
3: WARNING 26-09-09 18:19:33.892180 - 0:00:35 - Model parameter to_pixels.bias is all zeros: it might be because of a missing initialization
2: WARNING 26-09-09 18:19:33.892288 - 0:00:35 - Model parameter cls_to_pixels.2.weight is all zeros: it might be because of a missing initialization
2: WARNING 26-09-09 18:19:33.892288 - 0:00:35 - Model parameter cls_to_pixels.2.weight is all zeros: it might be because of a missing initialization
3: WARNING 26-09-09 18:19:33.892549 - 0:00:35 - Model parameter cls_to_pixels.0.weight is all zeros: it might be because of a missing initialization
3: WARNING 26-09-09 18:19:33.892549 - 0:00:35 - Model parameter cls_to_pixels.0.weight is all zeros: it might be because of a missing initialization
2: WARNING 26-09-09 18:19:33.892607 - 0:00:35 - Model parameter cls_to_pixels.2.bias is all zeros: it might be because of a missing initialization
2: WARNING 26-09-09 18:19:33.892607 - 0:00:35 - Model parameter cls_to_pixels.2.bias is all zeros: it might be because of a missing initialization
3: WARNING 26-09-09 18:19:33.892914 - 0:00:35 - Model parameter cls_to_pixels.2.weight is all zeros: it might be because of a missing initialization
3: WARNING 26-09-09 18:19:33.892914 - 0:00:35 - Model parameter cls_to_pixels.2.weight is all zeros: it might be because of a missing initialization
2: INFO    26-09-09 18:19:33.893133 - 0:00:35 - Model size: 95,871,888 total parameters
3: WARNING 26-09-09 18:19:33.893221 - 0:00:35 - Model parameter cls_to_pixels.2.bias is all zeros: it might be because of a missing initialization
3: WARNING 26-09-09 18:19:33.893221 - 0:00:35 - Model parameter cls_to_pixels.2.bias is all zeros: it might be because of a missing initialization
2: INFO    26-09-09 18:19:33.893683 - 0:00:35 - GPU capacity: NVIDIA A800-SXM4-80GB (2) with 79.32GiB memory
3: INFO    26-09-09 18:19:33.893831 - 0:00:35 - Model size: 95,871,888 total parameters
2: INFO    26-09-09 18:19:33.893988 - 0:00:35 - GPU memory usage: NVIDIA A800-SXM4-80GB (2): 79.31817626953125 GiB capacity, 0.384765625 GiB peak, 0.48509136631246685% peak
2: INFO    26-09-09 18:19:33.894050 - 0:00:35 - Starting build of optimizer...
2: INFO    26-09-09 18:19:33.895122 - 0:00:35 - Done with build of optimizer.
2: INFO    26-09-09 18:19:33.895190 - 0:00:35 - Building EEG DataLoader
3: INFO    26-09-09 18:19:33.895303 - 0:00:35 - GPU capacity: NVIDIA A800-SXM4-80GB (3) with 79.32GiB memory
3: INFO    26-09-09 18:19:33.895705 - 0:00:35 - GPU memory usage: NVIDIA A800-SXM4-80GB (3): 79.31817626953125 GiB capacity, 0.384765625 GiB peak, 0.48509136631246685% peak
3: INFO    26-09-09 18:19:33.895782 - 0:00:35 - Starting build of optimizer...
3: INFO    26-09-09 18:19:33.896954 - 0:00:35 - Done with build of optimizer.
0: INFO    26-09-09 18:19:33.897150 - 0:00:35 - GPU memory usage: NVIDIA A800-SXM4-80GB (0): 79.31817626953125 GiB capacity, 0.384765625 GiB peak, 0.48509136631246685% peak
3: INFO    26-09-09 18:19:33.901861 - 0:00:35 - Building EEG DataLoader
0: INFO    26-09-09 18:19:33.911855 - 0:00:35 - Starting build of optimizer...
0: INFO    26-09-09 18:19:33.919269 - 0:00:35 - Done with build of optimizer.
0: INFO    26-09-09 18:19:33.924485 - 0:00:35 - Building EEG DataLoader
2: INFO    26-09-09 18:19:34.716813 - 0:00:36 - Found 358 valid recordings: [74, 79, 80, 81, 82, 83, 85, 86, 87, 88, 89, 90, 92, 93, 98, 99, 100, 101, 102, 103, 104, 105, 106, 107, 108, 109, 110, 111, 112, 113, 114, 115, 116, 117, 118, 119, 120, 121, 122, 123, 124, 125, 126, 127, 128, 129, 130, 131, 132, 133, 134, 135, 136, 137, 138, 139, 140, 141, 142, 143, 144, 145, 146, 147, 148, 149, 150, 151, 152, 153, 154, 155, 156, 157, 158, 159, 160, 161, 162, 163, 164, 165, 166, 167, 168, 169, 170, 171, 172, 173, 174, 175, 176, 177, 178, 179, 180, 181, 182, 183, 184, 185, 186, 187, 188, 189, 190, 191, 192, 193, 194, 195, 196, 197, 198, 199, 200, 201, 202, 203, 204, 205, 206, 207, 208, 209, 210, 211, 212, 213, 214, 215, 216, 217, 218, 219, 220, 221, 222, 223, 224, 225, 226, 227, 228, 229, 230, 231, 232, 233, 234, 235, 236, 237, 238, 239, 240, 241, 242, 243, 244, 245, 246, 247, 248, 249, 250, 251, 252, 253, 254, 255, 256, 257, 258, 259, 260, 261, 262, 263, 264, 265, 266, 267, 268, 269, 270, 271, 272, 273, 274, 275, 276, 277, 278, 279, 280, 281, 282, 283, 284, 285, 286, 287, 288, 289, 290, 291, 292, 293, 294, 295, 296, 297, 298, 299, 300, 301, 302, 303, 304, 305, 306, 307, 308, 309, 310, 311, 312, 313, 314, 315, 316, 317, 318, 319, 320, 321, 322, 323, 324, 325, 326, 327, 328, 329, 330, 331, 332, 333, 334, 335, 336, 337, 338, 339, 340, 341, 342, 343, 344, 345, 346, 347, 348, 349, 350, 351, 352, 353, 354, 355, 356, 357, 358, 359, 360, 361, 362, 363, 364, 365, 366, 367, 368, 369, 370, 371, 372, 373, 374, 375, 376, 377, 378, 380, 381, 382, 383, 384, 385, 386, 387, 388, 389, 390, 391, 392, 393, 394, 395, 396, 397, 398, 399, 400, 401, 402, 403, 404, 405, 406, 407, 408, 409, 410, 411, 412, 413, 414, 415, 416, 417, 418, 419, 420, 421, 422, 423, 424, 425, 426, 427, 428, 429, 430, 431, 432, 433, 434, 435, 436, 437, 438, 439, 440, 441, 442]
0: INFO    26-09-09 18:19:34.716814 - 0:00:36 - Found 358 valid recordings: [74, 79, 80, 81, 82, 83, 85, 86, 87, 88, 89, 90, 92, 93, 98, 99, 100, 101, 102, 103, 104, 105, 106, 107, 108, 109, 110, 111, 112, 113, 114, 115, 116, 117, 118, 119, 120, 121, 122, 123, 124, 125, 126, 127, 128, 129, 130, 131, 132, 133, 134, 135, 136, 137, 138, 139, 140, 141, 142, 143, 144, 145, 146, 147, 148, 149, 150, 151, 152, 153, 154, 155, 156, 157, 158, 159, 160, 161, 162, 163, 164, 165, 166, 167, 168, 169, 170, 171, 172, 173, 174, 175, 176, 177, 178, 179, 180, 181, 182, 183, 184, 185, 186, 187, 188, 189, 190, 191, 192, 193, 194, 195, 196, 197, 198, 199, 200, 201, 202, 203, 204, 205, 206, 207, 208, 209, 210, 211, 212, 213, 214, 215, 216, 217, 218, 219, 220, 221, 222, 223, 224, 225, 226, 227, 228, 229, 230, 231, 232, 233, 234, 235, 236, 237, 238, 239, 240, 241, 242, 243, 244, 245, 246, 247, 248, 249, 250, 251, 252, 253, 254, 255, 256, 257, 258, 259, 260, 261, 262, 263, 264, 265, 266, 267, 268, 269, 270, 271, 272, 273, 274, 275, 276, 277, 278, 279, 280, 281, 282, 283, 284, 285, 286, 287, 288, 289, 290, 291, 292, 293, 294, 295, 296, 297, 298, 299, 300, 301, 302, 303, 304, 305, 306, 307, 308, 309, 310, 311, 312, 313, 314, 315, 316, 317, 318, 319, 320, 321, 322, 323, 324, 325, 326, 327, 328, 329, 330, 331, 332, 333, 334, 335, 336, 337, 338, 339, 340, 341, 342, 343, 344, 345, 346, 347, 348, 349, 350, 351, 352, 353, 354, 355, 356, 357, 358, 359, 360, 361, 362, 363, 364, 365, 366, 367, 368, 369, 370, 371, 372, 373, 374, 375, 376, 377, 378, 380, 381, 382, 383, 384, 385, 386, 387, 388, 389, 390, 391, 392, 393, 394, 395, 396, 397, 398, 399, 400, 401, 402, 403, 404, 405, 406, 407, 408, 409, 410, 411, 412, 413, 414, 415, 416, 417, 418, 419, 420, 421, 422, 423, 424, 425, 426, 427, 428, 429, 430, 431, 432, 433, 434, 435, 436, 437, 438, 439, 440, 441, 442]
3: INFO    26-09-09 18:19:34.716843 - 0:00:36 - Found 358 valid recordings: [74, 79, 80, 81, 82, 83, 85, 86, 87, 88, 89, 90, 92, 93, 98, 99, 100, 101, 102, 103, 104, 105, 106, 107, 108, 109, 110, 111, 112, 113, 114, 115, 116, 117, 118, 119, 120, 121, 122, 123, 124, 125, 126, 127, 128, 129, 130, 131, 132, 133, 134, 135, 136, 137, 138, 139, 140, 141, 142, 143, 144, 145, 146, 147, 148, 149, 150, 151, 152, 153, 154, 155, 156, 157, 158, 159, 160, 161, 162, 163, 164, 165, 166, 167, 168, 169, 170, 171, 172, 173, 174, 175, 176, 177, 178, 179, 180, 181, 182, 183, 184, 185, 186, 187, 188, 189, 190, 191, 192, 193, 194, 195, 196, 197, 198, 199, 200, 201, 202, 203, 204, 205, 206, 207, 208, 209, 210, 211, 212, 213, 214, 215, 216, 217, 218, 219, 220, 221, 222, 223, 224, 225, 226, 227, 228, 229, 230, 231, 232, 233, 234, 235, 236, 237, 238, 239, 240, 241, 242, 243, 244, 245, 246, 247, 248, 249, 250, 251, 252, 253, 254, 255, 256, 257, 258, 259, 260, 261, 262, 263, 264, 265, 266, 267, 268, 269, 270, 271, 272, 273, 274, 275, 276, 277, 278, 279, 280, 281, 282, 283, 284, 285, 286, 287, 288, 289, 290, 291, 292, 293, 294, 295, 296, 297, 298, 299, 300, 301, 302, 303, 304, 305, 306, 307, 308, 309, 310, 311, 312, 313, 314, 315, 316, 317, 318, 319, 320, 321, 322, 323, 324, 325, 326, 327, 328, 329, 330, 331, 332, 333, 334, 335, 336, 337, 338, 339, 340, 341, 342, 343, 344, 345, 346, 347, 348, 349, 350, 351, 352, 353, 354, 355, 356, 357, 358, 359, 360, 361, 362, 363, 364, 365, 366, 367, 368, 369, 370, 371, 372, 373, 374, 375, 376, 377, 378, 380, 381, 382, 383, 384, 385, 386, 387, 388, 389, 390, 391, 392, 393, 394, 395, 396, 397, 398, 399, 400, 401, 402, 403, 404, 405, 406, 407, 408, 409, 410, 411, 412, 413, 414, 415, 416, 417, 418, 419, 420, 421, 422, 423, 424, 425, 426, 427, 428, 429, 430, 431, 432, 433, 434, 435, 436, 437, 438, 439, 440, 441, 442]
0: INFO    26-09-09 18:19:47.652679 - 0:00:49 - Built EEG dataloader: 12251889 samples, 31487 batches
0: INFO    26-09-09 18:19:47.669614 - 0:00:49 - DataLoader built: 31487 batches
/mnt_upfs/miniconda/envs/ultra_2/lib/python3.12/site-packages/torch/distributed/distributed_c10d.py:4631: UserWarning: No device id is provided via `init_process_group` or `barrier `. Using the current device set by the user. 
  warnings.warn(  # warn only once
[rank0]:[W909 18:19:47.397940084 ProcessGroupNCCL.cpp:4718] [PG ID 0 PG GUID 0 Rank 0]  using GPU 0 as device used by this process is currently unknown. This can potentially cause a hang if this rank to GPU mapping is incorrect. You can pecify device_id in init_process_group() to force use of a particular device.
x2-4:2578927:2578927 [0] NCCL INFO Bootstrap: Using eth0:10.60.137.131<0>
x2-4:2578927:2578927 [0] NCCL INFO cudaDriverVersion 12040
x2-4:2578927:2578927 [0] NCCL INFO NCCL version 2.26.2+cuda12.2
x2-4:2578927:2578927 [0] NCCL INFO Comm config Blocking set to 1
1: INFO    26-09-09 18:19:47.898883 - 0:00:49 - Built EEG dataloader: 12251889 samples, 31487 batches
1: INFO    26-09-09 18:19:47.915567 - 0:00:49 - DataLoader built: 31487 batches
/mnt_upfs/miniconda/envs/ultra_2/lib/python3.12/site-packages/torch/distributed/distributed_c10d.py:4631: UserWarning: No device id is provided via `init_process_group` or `barrier `. Using the current device set by the user. 
  warnings.warn(  # warn only once
[rank1]:[W909 18:19:47.576780429 ProcessGroupNCCL.cpp:4718] [PG ID 0 PG GUID 0 Rank 1]  using GPU 1 as device used by this process is currently unknown. This can potentially cause a hang if this rank to GPU mapping is incorrect. You can pecify device_id in init_process_group() to force use of a particular device.
x2-4:2578929:2578929 [1] NCCL INFO cudaDriverVersion 12040
x2-4:2578929:2578929 [1] NCCL INFO Bootstrap: Using eth0:10.60.137.131<0>
x2-4:2578929:2578929 [1] NCCL INFO NCCL version 2.26.2+cuda12.2
x2-4:2578929:2578929 [1] NCCL INFO Comm config Blocking set to 1
x2-4:2578927:2582126 [0] NCCL INFO NET/Plugin: Could not find: libnccl-net.so. Using internal net plugin.
x2-4:2578927:2582126 [0] NCCL INFO NET/IB : Using [0]mlx5_0:1/RoCE [1]mlx5_1:1/RoCE [2]mlx5_2:1/RoCE [3]mlx5_3:1/RoCE [RO]; OOB eth0:10.60.137.131<0>
x2-4:2578927:2582126 [0] NCCL INFO PROFILER/Plugin: Could not find: libnccl-profiler.so. 
x2-4:2578927:2582126 [0] NCCL INFO Using network IB
x2-4:2578927:2582126 [0] NCCL INFO ncclCommInitRankConfig comm 0x55d225974fd0 rank 0 nranks 4 cudaDev 0 nvmlDev 4 busId 30a0 commId 0x60b1011b3f40dcf9 - Init START
2: INFO    26-09-09 18:19:48.055825 - 0:00:49 - Built EEG dataloader: 12251889 samples, 31487 batches
x2-4:2578929:2582128 [1] NCCL INFO NET/Plugin: Could not find: libnccl-net.so. Using internal net plugin.
2: INFO    26-09-09 18:19:48.073278 - 0:00:49 - DataLoader built: 31487 batches
/mnt_upfs/miniconda/envs/ultra_2/lib/python3.12/site-packages/torch/distributed/distributed_c10d.py:4631: UserWarning: No device id is provided via `init_process_group` or `barrier `. Using the current device set by the user. 
  warnings.warn(  # warn only once
[rank2]:[W909 18:19:48.734797960 ProcessGroupNCCL.cpp:4718] [PG ID 0 PG GUID 0 Rank 2]  using GPU 2 as device used by this process is currently unknown. This can potentially cause a hang if this rank to GPU mapping is incorrect. You can pecify device_id in init_process_group() to force use of a particular device.
x2-4:2578930:2578930 [2] NCCL INFO cudaDriverVersion 12040
x2-4:2578930:2578930 [2] NCCL INFO Bootstrap: Using eth0:10.60.137.131<0>
x2-4:2578930:2578930 [2] NCCL INFO NCCL version 2.26.2+cuda12.2
x2-4:2578930:2578930 [2] NCCL INFO Comm config Blocking set to 1
x2-4:2578929:2582128 [1] NCCL INFO NET/IB : Using [0]mlx5_0:1/RoCE [1]mlx5_1:1/RoCE [2]mlx5_2:1/RoCE [3]mlx5_3:1/RoCE [RO]; OOB eth0:10.60.137.131<0>
3: INFO    26-09-09 18:19:48.112402 - 0:00:49 - Built EEG dataloader: 12251889 samples, 31487 batches
x2-4:2578929:2582128 [1] NCCL INFO PROFILER/Plugin: Could not find: libnccl-profiler.so. 
x2-4:2578929:2582128 [1] NCCL INFO Using network IB
x2-4:2578929:2582128 [1] NCCL INFO ncclCommInitRankConfig comm 0x5588101ee5f0 rank 1 nranks 4 cudaDev 1 nvmlDev 5 busId 30b0 commId 0x60b1011b3f40dcf9 - Init START
3: INFO    26-09-09 18:19:48.132071 - 0:00:49 - DataLoader built: 31487 batches
/mnt_upfs/miniconda/envs/ultra_2/lib/python3.12/site-packages/torch/distributed/distributed_c10d.py:4631: UserWarning: No device id is provided via `init_process_group` or `barrier `. Using the current device set by the user. 
  warnings.warn(  # warn only once
[rank3]:[W909 18:19:48.792044492 ProcessGroupNCCL.cpp:4718] [PG ID 0 PG GUID 0 Rank 3]  using GPU 3 as device used by this process is currently unknown. This can potentially cause a hang if this rank to GPU mapping is incorrect. You can pecify device_id in init_process_group() to force use of a particular device.
x2-4:2578931:2578931 [3] NCCL INFO cudaDriverVersion 12040
x2-4:2578931:2578931 [3] NCCL INFO Bootstrap: Using eth0:10.60.137.131<0>
x2-4:2578931:2578931 [3] NCCL INFO NCCL version 2.26.2+cuda12.2
x2-4:2578931:2578931 [3] NCCL INFO Comm config Blocking set to 1
x2-4:2578930:2582155 [2] NCCL INFO NET/Plugin: Could not find: libnccl-net.so. Using internal net plugin.
x2-4:2578930:2582155 [2] NCCL INFO NET/IB : Using [0]mlx5_0:1/RoCE [1]mlx5_1:1/RoCE [2]mlx5_2:1/RoCE [3]mlx5_3:1/RoCE [RO]; OOB eth0:10.60.137.131<0>
x2-4:2578930:2582155 [2] NCCL INFO PROFILER/Plugin: Could not find: libnccl-profiler.so. 
x2-4:2578930:2582155 [2] NCCL INFO Using network IB
x2-4:2578930:2582155 [2] NCCL INFO ncclCommInitRankConfig comm 0x55b661dd1200 rank 2 nranks 4 cudaDev 2 nvmlDev 6 busId 40a0 commId 0x60b1011b3f40dcf9 - Init START
x2-4:2578929:2582128 [1] NCCL INFO RAS client listening socket at 127.0.0.1<28028>
x2-4:2578931:2582159 [3] NCCL INFO NET/Plugin: Could not find: libnccl-net.so. Using internal net plugin.
x2-4:2578931:2582159 [3] NCCL INFO NET/IB : Using [0]mlx5_0:1/RoCE [1]mlx5_1:1/RoCE [2]mlx5_2:1/RoCE [3]mlx5_3:1/RoCE [RO]; OOB eth0:10.60.137.131<0>
x2-4:2578931:2582159 [3] NCCL INFO PROFILER/Plugin: Could not find: libnccl-profiler.so. 
x2-4:2578931:2582159 [3] NCCL INFO Using network IB
x2-4:2578931:2582159 [3] NCCL INFO ncclCommInitRankConfig comm 0x5580ef710080 rank 3 nranks 4 cudaDev 3 nvmlDev 7 busId 40b0 commId 0x60b1011b3f40dcf9 - Init START
x2-4:2578930:2582155 [2] NCCL INFO RAS client listening socket at 127.0.0.1<28028>
x2-4:2578931:2582159 [3] NCCL INFO RAS client listening socket at 127.0.0.1<28028>
x2-4:2578927:2582126 [0] NCCL INFO RAS client listening socket at 127.0.0.1<28028>
x2-4:2578930:2582155 [2] NCCL INFO Bootstrap timings total 0.072181 (create 0.000030, send 0.000959, recv 0.068051, ring 0.000135, delay 0.000000)
x2-4:2578931:2582159 [3] NCCL INFO Bootstrap timings total 0.003515 (create 0.000040, send 0.000127, recv 0.000247, ring 0.000083, delay 0.000000)
x2-4:2578927:2582126 [0] NCCL INFO Bootstrap timings total 0.349234 (create 0.000040, send 0.000119, recv 0.119518, ring 0.000068, delay 0.000000)
x2-4:2578929:2582128 [1] NCCL INFO Bootstrap timings total 0.229903 (create 0.000029, send 0.000130, recv 0.158635, ring 0.068917, delay 0.000000)
x2-4:2578927:2582126 [0] NCCL INFO NVLS multicast support is not available on dev 0
x2-4:2578929:2582128 [1] NCCL INFO NVLS multicast support is not available on dev 1
x2-4:2578931:2582159 [3] NCCL INFO NVLS multicast support is not available on dev 3
x2-4:2578930:2582155 [2] NCCL INFO NVLS multicast support is not available on dev 2
x2-4:2578929:2582128 [1] NCCL INFO comm 0x5588101ee5f0 rank 1 nRanks 4 nNodes 1 localRanks 4 localRank 1 MNNVL 0
x2-4:2578927:2582126 [0] NCCL INFO comm 0x55d225974fd0 rank 0 nRanks 4 nNodes 1 localRanks 4 localRank 0 MNNVL 0
x2-4:2578931:2582159 [3] NCCL INFO comm 0x5580ef710080 rank 3 nRanks 4 nNodes 1 localRanks 4 localRank 3 MNNVL 0
x2-4:2578930:2582155 [2] NCCL INFO comm 0x55b661dd1200 rank 2 nRanks 4 nNodes 1 localRanks 4 localRank 2 MNNVL 0
x2-4:2578931:2582159 [3] NCCL INFO Trees [0] -1/-1/-1->3->2 [1] -1/-1/-1->3->2 [2] -1/-1/-1->3->2 [3] -1/-1/-1->3->2 [4] -1/-1/-1->3->2 [5] -1/-1/-1->3->2 [6] -1/-1/-1->3->2 [7] -1/-1/-1->3->2 [8] -1/-1/-1->3->2 [9] -1/-1/-1->3->2 [10] -1/-1/-1->3->2 [11] -1/-1/-1->3->2 [12] -1/-1/-1->3->2 [13] -1/-1/-1->3->2 [14] -1/-1/-1->3->2 [15] -1/-1/-1->3->2
x2-4:2578929:2582128 [1] NCCL INFO Trees [0] 2/-1/-1->1->0 [1] 2/-1/-1->1->0 [2] 2/-1/-1->1->0 [3] 2/-1/-1->1->0 [4] 2/-1/-1->1->0 [5] 2/-1/-1->1->0 [6] 2/-1/-1->1->0 [7] 2/-1/-1->1->0 [8] 2/-1/-1->1->0 [9] 2/-1/-1->1->0 [10] 2/-1/-1->1->0 [11] 2/-1/-1->1->0 [12] 2/-1/-1->1->0 [13] 2/-1/-1->1->0 [14] 2/-1/-1->1->0 [15] 2/-1/-1->1->0
x2-4:2578929:2582128 [1] NCCL INFO P2P Chunksize set to 524288
x2-4:2578927:2582126 [0] NCCL INFO Channel 00/16 : 0 1 2 3
x2-4:2578927:2582126 [0] NCCL INFO Channel 01/16 : 0 1 2 3
x2-4:2578927:2582126 [0] NCCL INFO Channel 02/16 : 0 1 2 3
x2-4:2578930:2582155 [2] NCCL INFO Trees [0] 3/-1/-1->2->1 [1] 3/-1/-1->2->1 [2] 3/-1/-1->2->1 [3] 3/-1/-1->2->1 [4] 3/-1/-1->2->1 [5] 3/-1/-1->2->1 [6] 3/-1/-1->2->1 [7] 3/-1/-1->2->1 [8] 3/-1/-1->2->1 [9] 3/-1/-1->2->1 [10] 3/-1/-1->2->1 [11] 3/-1/-1->2->1 [12] 3/-1/-1->2->1 [13] 3/-1/-1->2->1 [14] 3/-1/-1->2->1 [15] 3/-1/-1->2->1
x2-4:2578927:2582126 [0] NCCL INFO Channel 03/16 : 0 1 2 3
x2-4:2578927:2582126 [0] NCCL INFO Channel 04/16 : 0 1 2 3
x2-4:2578931:2582159 [3] NCCL INFO P2P Chunksize set to 524288
x2-4:2578930:2582155 [2] NCCL INFO P2P Chunksize set to 524288
x2-4:2578929:2582175 [1] NCCL INFO [Proxy Service] Device 1 CPU core 74
x2-4:2578927:2582126 [0] NCCL INFO Channel 05/16 : 0 1 2 3
x2-4:2578927:2582126 [0] NCCL INFO Channel 06/16 : 0 1 2 3
x2-4:2578931:2582178 [3] NCCL INFO [Proxy Service UDS] Device 3 CPU core 10
x2-4:2578927:2582126 [0] NCCL INFO Channel 07/16 : 0 1 2 3
x2-4:2578927:2582126 [0] NCCL INFO Channel 08/16 : 0 1 2 3
x2-4:2578930:2582179 [2] NCCL INFO [Proxy Service] Device 2 CPU core 26
x2-4:2578927:2582126 [0] NCCL INFO Channel 09/16 : 0 1 2 3
x2-4:2578929:2582176 [1] NCCL INFO [Proxy Service UDS] Device 1 CPU core 78
x2-4:2578927:2582126 [0] NCCL INFO Channel 10/16 : 0 1 2 3
x2-4:2578931:2582177 [3] NCCL INFO [Proxy Service] Device 3 CPU core 8
x2-4:2578930:2582180 [2] NCCL INFO [Proxy Service UDS] Device 2 CPU core 28
x2-4:2578931:2582159 [3] NCCL INFO threadThresholds 8/8/64 | 32/8/64 | 512 | 512
x2-4:2578929:2582128 [1] NCCL INFO threadThresholds 8/8/64 | 32/8/64 | 512 | 512
x2-4:2578927:2582126 [0] NCCL INFO Channel 11/16 : 0 1 2 3
x2-4:2578929:2582128 [1] NCCL INFO 16 coll channels, 16 collnet channels, 0 nvls channels, 16 p2p channels, 16 p2p channels per peer
x2-4:2578927:2582126 [0] NCCL INFO Channel 12/16 : 0 1 2 3
x2-4:2578930:2582155 [2] NCCL INFO threadThresholds 8/8/64 | 32/8/64 | 512 | 512
x2-4:2578930:2582155 [2] NCCL INFO 16 coll channels, 16 collnet channels, 0 nvls channels, 16 p2p channels, 16 p2p channels per peer
x2-4:2578931:2582159 [3] NCCL INFO 16 coll channels, 16 collnet channels, 0 nvls channels, 16 p2p channels, 16 p2p channels per peer
x2-4:2578927:2582126 [0] NCCL INFO Channel 13/16 : 0 1 2 3
x2-4:2578927:2582126 [0] NCCL INFO Channel 14/16 : 0 1 2 3
x2-4:2578927:2582126 [0] NCCL INFO Channel 15/16 : 0 1 2 3
x2-4:2578927:2582126 [0] NCCL INFO Trees [0] 1/-1/-1->0->-1 [1] 1/-1/-1->0->-1 [2] 1/-1/-1->0->-1 [3] 1/-1/-1->0->-1 [4] 1/-1/-1->0->-1 [5] 1/-1/-1->0->-1 [6] 1/-1/-1->0->-1 [7] 1/-1/-1->0->-1 [8] 1/-1/-1->0->-1 [9] 1/-1/-1->0->-1 [10] 1/-1/-1->0->-1 [11] 1/-1/-1->0->-1 [12] 1/-1/-1->0->-1 [13] 1/-1/-1->0->-1 [14] 1/-1/-1->0->-1 [15] 1/-1/-1->0->-1
x2-4:2578927:2582126 [0] NCCL INFO P2P Chunksize set to 524288
x2-4:2578927:2582126 [0] NCCL INFO Check P2P Type intraNodeP2pSupport 1 directMode 0
x2-4:2578927:2582184 [0] NCCL INFO [Proxy Service] Device 0 CPU core 70
x2-4:2578927:2582185 [0] NCCL INFO [Proxy Service UDS] Device 0 CPU core 78
x2-4:2578927:2582126 [0] NCCL INFO threadThresholds 8/8/64 | 32/8/64 | 512 | 512
x2-4:2578927:2582126 [0] NCCL INFO 16 coll channels, 16 collnet channels, 0 nvls channels, 16 p2p channels, 16 p2p channels per peer
x2-4:2578927:2582126 [0] NCCL INFO CC Off, workFifoBytes 1048576
x2-4:2578927:2582126 [0] NCCL INFO TUNER/Plugin: Could not find: libnccl-tuner.so. Using internal tuner plugin.
x2-4:2578927:2582126 [0] NCCL INFO ncclCommInitRankConfig comm 0x55d225974fd0 rank 0 nranks 4 cudaDev 0 nvmlDev 4 busId 30a0 commId 0x60b1011b3f40dcf9 - Init COMPLETE
x2-4:2578927:2582126 [0] NCCL INFO Init timings - ncclCommInitRankConfig: rank 0 nranks 4 total 0.75 (kernels 0.15, alloc 0.10, bootstrap 0.36, allgathers 0.06, topo 0.02, graphs 0.00, connections 0.03, rest 0.05)
x2-4:2578927:2582186 [0] NCCL INFO Channel 00/0 : 0[4] -> 1[5] via P2P/CUMEM/read
x2-4:2578927:2582186 [0] NCCL INFO Channel 01/0 : 0[4] -> 1[5] via P2P/CUMEM/read
x2-4:2578927:2582186 [0] NCCL INFO Channel 02/0 : 0[4] -> 1[5] via P2P/CUMEM/read
x2-4:2578927:2582186 [0] NCCL INFO Channel 03/0 : 0[4] -> 1[5] via P2P/CUMEM/read
x2-4:2578927:2582186 [0] NCCL INFO Channel 04/0 : 0[4] -> 1[5] via P2P/CUMEM/read
x2-4:2578931:2582159 [3] NCCL INFO TUNER/Plugin: Could not find: libnccl-tuner.so. Using internal tuner plugin.
x2-4:2578931:2582159 [3] NCCL INFO ncclCommInitRankConfig comm 0x5580ef710080 rank 3 nranks 4 cudaDev 3 nvmlDev 7 busId 40b0 commId 0x60b1011b3f40dcf9 - Init COMPLETE
x2-4:2578931:2582159 [3] NCCL INFO Init timings - ncclCommInitRankConfig: rank 3 nranks 4 total 0.39 (kernels 0.14, alloc 0.06, bootstrap 0.01, allgathers 0.01, topo 0.02, graphs 0.00, connections 0.03, rest 0.13)
x2-4:2578927:2582186 [0] NCCL INFO Channel 05/0 : 0[4] -> 1[5] via P2P/CUMEM/read
x2-4:2578927:2582186 [0] NCCL INFO Channel 06/0 : 0[4] -> 1[5] via P2P/CUMEM/read
x2-4:2578927:2582186 [0] NCCL INFO Channel 07/0 : 0[4] -> 1[5] via P2P/CUMEM/read
x2-4:2578927:2582186 [0] NCCL INFO Channel 08/0 : 0[4] -> 1[5] via P2P/CUMEM/read
x2-4:2578927:2582186 [0] NCCL INFO Channel 09/0 : 0[4] -> 1[5] via P2P/CUMEM/read
x2-4:2578927:2582186 [0] NCCL INFO Channel 10/0 : 0[4] -> 1[5] via P2P/CUMEM/read
x2-4:2578927:2582186 [0] NCCL INFO Channel 11/0 : 0[4] -> 1[5] via P2P/CUMEM/read
x2-4:2578931:2582187 [3] NCCL INFO Channel 00/0 : 3[7] -> 0[4] via P2P/CUMEM/read
x2-4:2578931:2582187 [3] NCCL INFO Channel 01/0 : 3[7] -> 0[4] via P2P/CUMEM/read
x2-4:2578927:2582186 [0] NCCL INFO Channel 12/0 : 0[4] -> 1[5] via P2P/CUMEM/read
x2-4:2578931:2582187 [3] NCCL INFO Channel 02/0 : 3[7] -> 0[4] via P2P/CUMEM/read
x2-4:2578931:2582187 [3] NCCL INFO Channel 03/0 : 3[7] -> 0[4] via P2P/CUMEM/read
x2-4:2578927:2582186 [0] NCCL INFO Channel 13/0 : 0[4] -> 1[5] via P2P/CUMEM/read
x2-4:2578929:2582128 [1] NCCL INFO TUNER/Plugin: Could not find: libnccl-tuner.so. Using internal tuner plugin.
x2-4:2578929:2582128 [1] NCCL INFO ncclCommInitRankConfig comm 0x5588101ee5f0 rank 1 nranks 4 cudaDev 1 nvmlDev 5 busId 30b0 commId 0x60b1011b3f40dcf9 - Init COMPLETE
x2-4:2578931:2582187 [3] NCCL INFO Channel 04/0 : 3[7] -> 0[4] via P2P/CUMEM/read
x2-4:2578929:2582128 [1] NCCL INFO Init timings - ncclCommInitRankConfig: rank 1 nranks 4 total 0.64 (kernels 0.12, alloc 0.07, bootstrap 0.24, allgathers 0.01, topo 0.02, graphs 0.00, connections 0.02, rest 0.17)
x2-4:2578927:2582186 [0] NCCL INFO Channel 14/0 : 0[4] -> 1[5] via P2P/CUMEM/read
x2-4:2578931:2582187 [3] NCCL INFO Channel 05/0 : 3[7] -> 0[4] via P2P/CUMEM/read
x2-4:2578927:2582186 [0] NCCL INFO Channel 15/0 : 0[4] -> 1[5] via P2P/CUMEM/read
x2-4:2578931:2582187 [3] NCCL INFO Channel 06/0 : 3[7] -> 0[4] via P2P/CUMEM/read
x2-4:2578931:2582187 [3] NCCL INFO Channel 07/0 : 3[7] -> 0[4] via P2P/CUMEM/read
x2-4:2578931:2582187 [3] NCCL INFO Channel 08/0 : 3[7] -> 0[4] via P2P/CUMEM/read
x2-4:2578929:2582188 [1] NCCL INFO Channel 00/0 : 1[5] -> 2[6] via P2P/CUMEM/read
x2-4:2578930:2582155 [2] NCCL INFO TUNER/Plugin: Could not find: libnccl-tuner.so. Using internal tuner plugin.
x2-4:2578931:2582187 [3] NCCL INFO Channel 09/0 : 3[7] -> 0[4] via P2P/CUMEM/read
x2-4:2578929:2582188 [1] NCCL INFO Channel 01/0 : 1[5] -> 2[6] via P2P/CUMEM/read
x2-4:2578930:2582155 [2] NCCL INFO ncclCommInitRankConfig comm 0x55b661dd1200 rank 2 nranks 4 cudaDev 2 nvmlDev 6 busId 40a0 commId 0x60b1011b3f40dcf9 - Init COMPLETE
x2-4:2578931:2582187 [3] NCCL INFO Channel 10/0 : 3[7] -> 0[4] via P2P/CUMEM/read
x2-4:2578930:2582155 [2] NCCL INFO Init timings - ncclCommInitRankConfig: rank 2 nranks 4 total 0.52 (kernels 0.13, alloc 0.06, bootstrap 0.07, allgathers 0.01, topo 0.02, graphs 0.00, connections 0.02, rest 0.20)
x2-4:2578929:2582188 [1] NCCL INFO Channel 02/0 : 1[5] -> 2[6] via P2P/CUMEM/read
x2-4:2578929:2582188 [1] NCCL INFO Channel 03/0 : 1[5] -> 2[6] via P2P/CUMEM/read
x2-4:2578931:2582187 [3] NCCL INFO Channel 11/0 : 3[7] -> 0[4] via P2P/CUMEM/read
x2-4:2578929:2582188 [1] NCCL INFO Channel 04/0 : 1[5] -> 2[6] via P2P/CUMEM/read
x2-4:2578929:2582188 [1] NCCL INFO Channel 05/0 : 1[5] -> 2[6] via P2P/CUMEM/read
x2-4:2578931:2582187 [3] NCCL INFO Channel 12/0 : 3[7] -> 0[4] via P2P/CUMEM/read
x2-4:2578930:2582192 [2] NCCL INFO Channel 00/0 : 2[6] -> 3[7] via P2P/CUMEM/read
x2-4:2578931:2582187 [3] NCCL INFO Channel 13/0 : 3[7] -> 0[4] via P2P/CUMEM/read
x2-4:2578929:2582188 [1] NCCL INFO Channel 06/0 : 1[5] -> 2[6] via P2P/CUMEM/read
x2-4:2578930:2582192 [2] NCCL INFO Channel 01/0 : 2[6] -> 3[7] via P2P/CUMEM/read
x2-4:2578931:2582187 [3] NCCL INFO Channel 14/0 : 3[7] -> 0[4] via P2P/CUMEM/read
x2-4:2578929:2582188 [1] NCCL INFO Channel 07/0 : 1[5] -> 2[6] via P2P/CUMEM/read
x2-4:2578930:2582192 [2] NCCL INFO Channel 02/0 : 2[6] -> 3[7] via P2P/CUMEM/read
x2-4:2578931:2582187 [3] NCCL INFO Channel 15/0 : 3[7] -> 0[4] via P2P/CUMEM/read
x2-4:2578930:2582192 [2] NCCL INFO Channel 03/0 : 2[6] -> 3[7] via P2P/CUMEM/read
x2-4:2578929:2582188 [1] NCCL INFO Channel 08/0 : 1[5] -> 2[6] via P2P/CUMEM/read
x2-4:2578930:2582192 [2] NCCL INFO Channel 04/0 : 2[6] -> 3[7] via P2P/CUMEM/read
x2-4:2578929:2582188 [1] NCCL INFO Channel 09/0 : 1[5] -> 2[6] via P2P/CUMEM/read
x2-4:2578929:2582188 [1] NCCL INFO Channel 10/0 : 1[5] -> 2[6] via P2P/CUMEM/read
x2-4:2578930:2582192 [2] NCCL INFO Channel 05/0 : 2[6] -> 3[7] via P2P/CUMEM/read
x2-4:2578930:2582192 [2] NCCL INFO Channel 06/0 : 2[6] -> 3[7] via P2P/CUMEM/read
x2-4:2578929:2582188 [1] NCCL INFO Channel 11/0 : 1[5] -> 2[6] via P2P/CUMEM/read
x2-4:2578930:2582192 [2] NCCL INFO Channel 07/0 : 2[6] -> 3[7] via P2P/CUMEM/read
x2-4:2578930:2582192 [2] NCCL INFO Channel 08/0 : 2[6] -> 3[7] via P2P/CUMEM/read
x2-4:2578929:2582188 [1] NCCL INFO Channel 12/0 : 1[5] -> 2[6] via P2P/CUMEM/read
x2-4:2578930:2582192 [2] NCCL INFO Channel 09/0 : 2[6] -> 3[7] via P2P/CUMEM/read
x2-4:2578929:2582188 [1] NCCL INFO Channel 13/0 : 1[5] -> 2[6] via P2P/CUMEM/read
x2-4:2578930:2582192 [2] NCCL INFO Channel 10/0 : 2[6] -> 3[7] via P2P/CUMEM/read
x2-4:2578929:2582188 [1] NCCL INFO Channel 14/0 : 1[5] -> 2[6] via P2P/CUMEM/read
x2-4:2578930:2582192 [2] NCCL INFO Channel 11/0 : 2[6] -> 3[7] via P2P/CUMEM/read
x2-4:2578929:2582188 [1] NCCL INFO Channel 15/0 : 1[5] -> 2[6] via P2P/CUMEM/read
x2-4:2578930:2582192 [2] NCCL INFO Channel 12/0 : 2[6] -> 3[7] via P2P/CUMEM/read
x2-4:2578930:2582192 [2] NCCL INFO Channel 13/0 : 2[6] -> 3[7] via P2P/CUMEM/read
x2-4:2578930:2582192 [2] NCCL INFO Channel 14/0 : 2[6] -> 3[7] via P2P/CUMEM/read
x2-4:2578930:2582192 [2] NCCL INFO Channel 15/0 : 2[6] -> 3[7] via P2P/CUMEM/read
x2-4:2578930:2582192 [2] NCCL INFO Connected all rings, use ring PXN 0 GDR 1
x2-4:2578929:2582188 [1] NCCL INFO Connected all rings, use ring PXN 0 GDR 1
x2-4:2578927:2582186 [0] NCCL INFO Connected all rings, use ring PXN 0 GDR 1
x2-4:2578931:2582187 [3] NCCL INFO Connected all rings, use ring PXN 0 GDR 1
wandb: WARNING The anonymous setting has no effect and will be removed in a future version.
wandb: [wandb.login()] Loaded credentials for https://api.wandb.ai from /home/ubuntu/.netrc.
wandb: Currently logged in as: zehao_liu (XLM) to https://api.wandb.ai. Use `wandb login --relogin` to force relogin
wandb: setting up run csk82czr
wandb: Tracking run with wandb version 0.26.1
wandb: Run data is saved locally in /mnt/zehao/ultra/wandb/run-20260909_181950-csk82czr
wandb: Run `wandb offline` to turn off syncing.
wandb: Syncing run eeg_all_test_20260909_181812
wandb: ⭐️ View project at https://wandb.ai/XLM/eeg
wandb: 🚀 View run at https://wandb.ai/XLM/eeg/runs/csk82czr
wandb: WARNING Symlinked 1 file into the W&B run directory; call wandb.save again to sync new files.
x2-4:2578931:2582177 [3] NCCL INFO [Service thread] Connection closed by localRank 2
x2-4:2578929:2582175 [1] NCCL INFO [Service thread] Connection closed by localRank 2
/mnt_upfs/miniconda/envs/ultra_2/lib/python3.12/multiprocessing/resource_tracker.py:279: UserWarning: resource_tracker: There appear to be 11 leaked semaphore objects to clean up at shutdown
  warnings.warn('resource_tracker: There appear to be %d '
W0909 21:54:36.154000 2578338 site-packages/torch/distributed/elastic/multiprocessing/api.py:900] Sending process 2578927 closing signal SIGTERM
W0909 21:54:36.207000 2578338 site-packages/torch/distributed/elastic/multiprocessing/api.py:900] Sending process 2578929 closing signal SIGTERM
W0909 21:54:36.210000 2578338 site-packages/torch/distributed/elastic/multiprocessing/api.py:900] Sending process 2578931 closing signal SIGTERM
/mnt_upfs/miniconda/envs/ultra_2/lib/python3.12/multiprocessing/resource_tracker.py:279: UserWarning: resource_tracker: There appear to be 11 leaked semaphore objects to clean up at shutdown
  warnings.warn('resource_tracker: There appear to be %d '
/mnt_upfs/miniconda/envs/ultra_2/lib/python3.12/multiprocessing/resource_tracker.py:279: UserWarning: resource_tracker: There appear to be 11 leaked semaphore objects to clean up at shutdown
  warnings.warn('resource_tracker: There appear to be %d '
/mnt_upfs/miniconda/envs/ultra_2/lib/python3.12/multiprocessing/resource_tracker.py:279: UserWarning: resource_tracker: There appear to be 11 leaked semaphore objects to clean up at shutdown
  warnings.warn('resource_tracker: There appear to be %d '
E0909 21:54:58.716000 2578338 site-packages/torch/distributed/elastic/multiprocessing/api.py:874] failed (exitcode: -9) local_rank: 2 (pid: 2578930) of binary: /mnt_upfs/miniconda/envs/ultra_2/bin/python
Traceback (most recent call last):
  File "<frozen runpy>", line 198, in _run_module_as_main
  File "<frozen runpy>", line 88, in _run_code
  File "/mnt_upfs/miniconda/envs/ultra_2/lib/python3.12/site-packages/torch/distributed/run.py", line 896, in <module>
    main()
  File "/mnt_upfs/miniconda/envs/ultra_2/lib/python3.12/site-packages/torch/distributed/elastic/multiprocessing/errors/__init__.py", line 355, in wrapper
    return f(*args, **kwargs)
           ^^^^^^^^^^^^^^^^^^
  File "/mnt_upfs/miniconda/envs/ultra_2/lib/python3.12/site-packages/torch/distributed/run.py", line 892, in main
    run(args)
  File "/mnt_upfs/miniconda/envs/ultra_2/lib/python3.12/site-packages/torch/distributed/run.py", line 883, in run
    elastic_launch(
  File "/mnt_upfs/miniconda/envs/ultra_2/lib/python3.12/site-packages/torch/distributed/launcher/api.py", line 139, in __call__
    return launch_agent(self._config, self._entrypoint, list(args))
           ^^^^^^^^^^^^^^^^^^^^^^^^^^^^^^^^^^^^^^^^^^^^^^^^^^^^^^^^
  File "/mnt_upfs/miniconda/envs/ultra_2/lib/python3.12/site-packages/torch/distributed/launcher/api.py", line 270, in launch_agent
    raise ChildFailedError(
torch.distributed.elastic.multiprocessing.errors.ChildFailedError: 
========================================================
main/train_eeg.py FAILED
--------------------------------------------------------
Failures:
  <NO_OTHER_FAILURES>
--------------------------------------------------------
Root Cause (first observed failure):
[0]:
  time      : 2026-09-09_21:54:36
  host      : x2-4
  rank      : 2 (local_rank: 2)
  exitcode  : -9 (pid: 2578930)
  error_file: <N/A>
  traceback : Signal 9 (SIGKILL) received by PID 2578930
========================================================
